Drift ID,Trip ID,Grid Cell ID,Site (MPA/ REF),Total Angler Hrs,total_fish_caught,cpue,ST_LatDD,ST_LonDD,End_LatDD,End_LonDD,drift_lat,drift_lon
ANM0715251301,ANT01_25,AN13,MPA,2.75,30,10.909090909090908,37.11032104,-122.34737,37.11246872,-122.34888,37.111394880000006,-122.348125
ANM0715251302,ANT01_25,AN13,MPA,2.75,27,9.818181818181818,37.11090851,-122.3463,37.11302948,-122.3477,37.111968995,-122.34700000000001
ANM0715251303,ANT01_25,AN13,MPA,2.85,23,8.070175438596491,37.10961151,-122.34666,37.11183167,-122.34831,37.11072159,-122.347485
ANM0715251401,ANT01_25,AN14,MPA,2.75,49,17.818181818181817,37.10686111,-122.34695,37.10863876,-122.34839,37.107749935,-122.34767
ANM0715251402,ANT01_25,AN14,MPA,2.75,63,22.90909090909091,37.10533905,-122.34487,37.10705185,-122.34717,37.10619545,-122.34602000000001
ANM0715251403,ANT01_25,AN14,MPA,2.533333333,70,27.63157895100416,37.10569,-122.34393,37.10758972,-122.34591,37.10663986,-122.34492
ANM0716251301,ANT02_25,AN13,MPA,2.816666667,14,4.970414200595218,37.10955048,-122.3472,37.11235809,-122.34769,37.110954285000005,-122.347445
ANM0716251302,ANT02_25,AN13,MPA,3,36,12,37.10964966,-122.34677,37.11243057,-122.34628,37.111040115,-122.346525
ANM0716251303,ANT02_25,AN13,MPA,2.9,29,10,37.11064911,-122.34632,37.11338043,-122.34597,37.11201477,-122.346145
ANM0716251901,ANT02_25,AN19,MPA,3,32,10.666666666666666,37.0906601,-122.32938,37.09255981,-122.32913,37.091609954999996,-122.329255
ANM0716251902,ANT02_25,AN19,MPA,2.983333333,26,8.715083799856433,37.09078979,-122.32875,37.0929184,-122.32897,37.091854095,-122.32885999999999
ANM0716251903,ANT02_25,AN19,MPA,3,19,6.333333333333333,37.09127045,-122.32896,37.09310913,-122.32848,37.092189790000006,-122.32872
ANM0716252101,ANT02_25,AN21,MPA,3,7,2.3333333333333335,37.090400699999996,-122.32053,37.09207153,-122.32067,37.091236115,-122.32060000000001
ANM0716252102,ANT02_25,AN21,MPA,2.07,51,24.637681159420293,37.09122849,-122.32423,37.09296036,-122.32458,37.092094425,-122.324405
ANM0716252103,ANT02_25,AN21,MPA,3.823333333,33,8.631211857770811,37.09091949,-122.3235,37.09289169,-122.32279,37.091905589999996,-122.323145
ANM0716252201,ANT02_25,AN22,MPA,2.273333333,2,0.879765396023426,37.09545135,-122.31625,37.09690857,-122.31615,37.09617996,-122.3162
ANM0716252202,ANT02_25,AN22,MPA,3.726666667,49,13.148479426373124,37.09366989,-122.31754,37.09648895,-122.31787,37.095079420000005,-122.31770499999999
ANM0716252203,ANT02_25,AN22,MPA,2.91,18,6.185567010309278,37.09571075,-122.31792,37.09788132,-122.31759,37.096796035,-122.317755
ANM0805251201,ANT04_25,AN12,MPA,2.966666667,20,6.7415730329503845,37.11827087,-122.34969,37.11460876,-122.34564,37.11643981500001,-122.347665
ANM0805251202,ANT04_25,AN12,MPA,2.933333333,20,6.818181818956611,37.11848831,-122.35003,37.114509580000004,-122.3459,37.116498945000004,-122.347965
ANM0805251203,ANT04_25,AN12,MPA,3,9,3,37.11867905,-122.34966,37.11437988,-122.34576,37.116529465,-122.34771
ANM0805251302,ANT04_25,AN13,MPA,2.95,20,6.779661016949152,37.11368942,-122.34932,37.10958862,-122.34511,37.11163902,-122.347215
ANM0805251303,ANT04_25,AN13,MPA,2.983333333,14,4.692737430691926,37.1134491,-122.34895,37.10950851,-122.34435,37.111478805,-122.34665000000001
ANM0805251701,ANT04_25,AN17,MPA,2.966666667,34,11.460674156015655,37.09901047,-122.33707,37.09595108,-122.33208,37.097480775,-122.334575
ANM0805251702,ANT04_25,AN17,MPA,2.983333333,42,14.078212292075778,37.09931946,-122.33703,37.09593964,-122.33241,37.09762954999999,-122.33472
ANM0805251703,ANT04_25,AN17,MPA,2.983333333,31,10.391061453674979,37.09902954,-122.33705,37.09531021,-122.33185,37.097169875,-122.33445
ANM0805251801,ANT04_25,AN18,MPA,2.966666667,43,14.494382020843327,37.09978104,-122.33016,37.09833908,-122.32676,37.09906006,-122.32846
ANM0805251802,ANT04_25,AN18,MPA,2.966666667,26,8.7640449428355,37.09973145,-122.33,37.09846878,-122.32672,37.099100115,-122.32836
ANM0805251803,ANT04_25,AN18,MPA,3.26,33,10.122699386503069,37.09999847,-122.33038,37.09817886,-122.32629,37.099088665,-122.32833500000001
ANM080525MM01,ANT04_25,ANMM,MPA,2.925,22,7.521367521367522,37.11312866,-122.34844,37.10894012,-122.34462,37.11103439,-122.34653
ANM0806251501,ANT05_25,AN15,MPA,3,51,17,37.10216904,-122.34846,37.1003418,-122.34444,37.10125542,-122.34645
ANM0806251502,ANT05_25,AN15,MPA,2.95,52,17.627118644067796,37.10195923,-122.34795,37.09973907,-122.34382,37.10084915,-122.345885
ANM0806251503,ANT05_25,AN15,MPA,2.386666667,30,12.569832400479074,37.10166168,-122.34792,37.09840012,-122.34344,37.1000309,-122.34568
ANM0806251901,ANT05_25,AN19,MPA,2.716666667,29,10.674846624457073,37.09329987,-122.32999,37.09257126,-122.32712,37.092935565000005,-122.328555
ANM0806251902,ANT05_25,AN19,MPA,2.841666667,33,11.612903224444233,37.09276962,-122.33052,37.09215927,-122.3273,37.092464445000005,-122.32891000000001
ANM0806251903,ANT05_25,AN19,MPA,2.85,34,11.929824561403509,37.09291077,-122.32986,37.09223938,-122.32717,37.092575075,-122.328515
ANR0715250401,ANT01_25,AN04,REF,1.8,19,10.555555555555555,37.22335052,-122.42262,37.22647095,-122.42236,37.224910734999995,-122.42249
ANR0715250402,ANT01_25,AN04,REF,1.833333333,20,10.909090911074381,37.22320938,-122.4232,37.22652054,-122.42236,37.224864960000005,-122.42277999999999
ANR0715250403,ANT01_25,AN04,REF,1.8,28,15.555555555555555,37.22328949,-122.4235,37.22674179,-122.42281,37.225015639999995,-122.42315500000001
ANR0715250501,ANT01_25,AN05,REF,1.844722222,9,4.878783316353415,37.2161293,-122.41807,37.21854019,-122.41808,37.217334745,-122.418075
ANR0715250502,ANT01_25,AN05,REF,1.8,15,8.333333333333334,37.21644974,-122.41633,37.21817017,-122.41644,37.217309955000005,-122.41638499999999
ANR0715250503,ANT01_25,AN05,REF,1.833333333,9,4.909090909983472,37.21657944,-122.416,37.21852112,-122.41576,37.21755028,-122.41588
ANR0717250101,ANT03_25,AN01,REF,3,33,11,37.24288177,-122.42845,37.24456024,-122.42645,37.243721005,-122.42745
ANR0717250102,ANT03_25,AN01,REF,2.916666667,27,9.257142856084899,37.24224091,-122.42808,37.24353027,-122.42591,37.24288559,-122.426995
ANR0717250103,ANT03_25,AN01,REF,2.991666667,50,16.713091920143388,37.24248123,-122.42814,37.24417877,-122.42662,37.24333,-122.42738
ANR0717250401,ANT03_25,AN04,REF,3,17,5.666666666666667,37.22333908,-122.42177,37.22446823,-122.42166,37.223903655,-122.421715
ANR0717250402,ANT03_25,AN04,REF,3,55,18.333333333333332,37.22420883,-122.42347,37.22512817,-122.42236,37.2246685,-122.42291499999999
ANR0717250403,ANT03_25,AN04,REF,3,21,7,37.22375107,-122.42345,37.22478867,-122.42246,37.22426987,-122.422955
ANR0717250601,ANT03_25,AN06,REF,2.96,73,24.66216216216216,37.19522095,-122.41135,37.19623947,-122.4111,37.19573021,-122.411225
ANR0717250602,ANT03_25,AN06,REF,2.99,59,19.732441471571907,37.19655991,-122.41107,37.19744873,-122.41162,37.19700432,-122.411345
ANR0717250603,ANT03_25,AN06,REF,3,36,12,37.19644928,-122.41145,37.1974411,-122.41184,37.19694519,-122.411645
ANR0717250801,ANT03_25,AN08,REF,3,51,17,37.18442917,-122.40555,37.18492889,-122.40565,37.18467903,-122.40559999999999
ANR0717250802,ANT03_25,AN08,REF,3,37,12.333333333333334,37.18470001,-122.40531,37.18537903,-122.40571,37.185039520000004,-122.40550999999999
ANR0717250803,ANT03_25,AN08,REF,3,51,17,37.1855011,-122.40565,37.18637085,-122.40694,37.18593597500001,-122.406295
ANR0806250601,ANT05_25,AN06,REF,3,26,8.666666666666666,37.19858932,-122.41399,37.19485092,-122.41252,37.19672012,-122.41325499999999
ANR0806250602,ANT05_25,AN06,REF,2.976666667,35,11.75811869969114,37.19866943,-122.41298,37.19425964,-122.41227,37.196464535000004,-122.412625
ANR0806250603,ANT05_25,AN06,REF,2.8,32,11.428571428571429,37.19890976,-122.41183,37.19488144,-122.41122,37.196895600000005,-122.411525
ANR0806250801,ANT05_25,AN08,REF,2.913333333,19,6.5217391311809765,37.18682861,-122.4073,37.18241119,-122.40243,37.1846199,-122.404865
ANR0806250802,ANT05_25,AN08,REF,3.073333333,34,11.062906725711812,37.18684006,-122.40736,37.18228149,-122.40302,37.184560775,-122.40519
ANR0806250803,ANT05_25,AN08,REF,2.843333333,32,11.254396249853974,37.18682098,-122.40716,37.18342972,-122.40496,37.18512535,-122.40606
ANR0807250201,ANT06_25,AN02,REF,2,9,4.5,37.23836899,-122.42845,37.23622894,-122.42651,37.237298964999994,-122.42748
ANR0807250202,ANT06_25,AN02,REF,2,1,0.5,37.2388916,-122.42598,37.23706055,-122.42493,37.237976075000006,-122.425455
ANR0807250203,ANT06_25,AN02,REF,2.116666667,10,4.724409448074896,37.2381897,-122.42787,37.23574066,-122.42609,37.23696518,-122.42698
ANR0807250301,ANT06_25,AN03,REF,2,27,13.5,37.23159027,-122.42787,37.22986984,-122.42612,37.230730054999995,-122.426995
ANR0807250302,ANT06_25,AN03,REF,2,9,4.5,37.23334885,-122.42776,37.23192978,-122.4267,37.232639315,-122.42723000000001
ANR0807250303,ANT06_25,AN03,REF,2,12,6,37.23168945,-122.42651,37.22990036,-122.42489,37.230794904999996,-122.4257
ANR0807250401,ANT06_25,AN04,REF,1.916666667,11,5.739130433784498,37.22610092,-122.4243,37.22443008,-122.42292,37.2252655,-122.42361
ANR0807250402,ANT06_25,AN04,REF,1.983333333,7,3.5294117652990606,37.22526169,-122.4238,37.22364044,-122.4225,37.224451065,-122.42314999999999
ANR0807250403,ANT06_25,AN04,REF,1.9,4,2.1052631578947367,37.22539902,-122.42384,37.22370148,-122.42222,37.22455025,-122.42303
ANR0807250701,ANT06_25,AN07,REF,1.85,9,4.864864864864865,37.19355011,-122.41243,37.19161987,-122.41071,37.19258499,-122.41157
ANR0807250702,ANT06_25,AN07,REF,2,10,5,37.19355011,-122.41036,37.19200134,-122.4091,37.192775725,-122.40973
ANR0807250703,ANT06_25,AN07,REF,2.2,14,6.363636363636363,37.19377899,-122.41004,37.1921196,-122.40899,37.192949295,-122.409515
FNM0819251001,FNT01_25,FN10,MPA,2.216666667,18,8.1203007506586,37.70589066,-123.01348,37.70561981,-123.01131,37.705755235,-123.012395
FNM0819251002,FNT01_25,FN10,MPA,2.25,23,10.222222222222221,37.70486832,-123.01403,37.70462036,-123.01189,37.704744340000005,-123.01295999999999
FNM0819251003,FNT01_25,FN10,MPA,2.216666667,22,9.924812028582734,37.70661926,-123.01369,37.70605087,-123.0112,37.706335065,-123.012445
FNM0819251301,FNT01_25,FN13,MPA,2.25,17,7.555555555555555,37.69453049,-123.03091,37.6948204,-123.02942,37.694675445,-123.03016500000001
FNM0819251302,FNT01_25,FN13,MPA,2.216666667,7,3.1578947363672336,37.69356918,-123.02898,37.69499969,-123.02741,37.694284435,-123.02819500000001
FNM0819251303,FNT01_25,FN13,MPA,2.066666667,13,6.290322579630594,37.69630051,-123.02831,37.69705963,-123.02653,37.69668007,-123.02742
FNM0909251401,FNT02_25,FN14,MPA,2.533055556,46,18.15988594922077,37.6893692,-123.02637,37.69253922,-123.02717,37.69095421,-123.02677
FNM0909251402,FNT02_25,FN14,MPA,2.908333333,37,12.7220630387074,37.68825912,-123.02666,37.69152069,-123.02801,37.689889905,-123.027335
FNM0909251403,FNT02_25,FN14,MPA,2.675,41,15.327102803738319,37.68822861,-123.02763,37.69147873,-123.02888,37.689853670000005,-123.028255
FNM0909251601,FNT02_25,FN16,MPA,2.808333333,10,3.560830860956775,37.68804932,-123.01643,37.68920898,-123.0171,37.68862915,-123.01676499999999
FNM0909251602,FNT02_25,FN16,MPA,2.7,10,3.7037037037037033,37.68881989,-123.01537,37.69002914,-123.01575,37.689424515,-123.01556
FNM0909251603,FNT02_25,FN16,MPA,2.583333333,14,5.419354839408949,37.68901825,-123.01646,37.69052887,-123.01693,37.68977356,-123.016695
FNM0909251701,FNT02_25,FN17,MPA,2.733333333,26,9.512195123111244,37.68360901,-123.02197,37.68624878,-123.02227,37.684928895,-123.02212
FNM0909251702,FNT02_25,FN17,MPA,2.75,16,5.818181818181818,37.68363953,-123.02336,37.68675995,-123.02338,37.68519974,-123.02337
FNM0909251703,FNT02_25,FN17,MPA,2.585,42,16.247582205029016,37.68373871,-123.02514,37.68629074,-123.02525,37.685014725,-123.025195
FNM0909252201,FNT02_25,FN22,MPA,2.616666667,61,23.31210190785833,37.68394852,-122.99525,37.68585968,-122.99323,37.6849041,-122.99423999999999
FNM0909252202,FNT02_25,FN22,MPA,2.666666667,24,8.999999998875001,37.68460846,-122.99696,37.68606949,-122.99547,37.685338975,-122.996215
FNM0909252203,FNT02_25,FN22,MPA,2.633333333,18,6.835443038839929,37.68645096,-122.99616,37.6878891,-122.99395,37.687170030000004,-122.99505500000001
FNM0910251901,FNT03_25,FN19,MPA,2.5,25,10,37.67943954,-123.01033,37.68041992,-123.00938,37.67992973,-123.00985499999999
FNM0910251902,FNT03_25,FN19,MPA,2.5,24,9.6,37.680580139999996,-123.01009,37.68143845,-123.00901,37.681009294999996,-123.00955
FNM0910251903,FNT03_25,FN19,MPA,2.25,21,9.333333333333334,37.679130550000004,-123.00809,37.6800499,-123.00729,37.679590225,-123.00769
FNM0910252201,FNT03_25,FN22,MPA,2.5,18,7.2,37.6847496,-122.99689,37.68619919,-122.99488,37.685474395,-122.99588499999999
FNM0910252202,FNT03_25,FN22,MPA,2.5,33,13.2,37.68561935,-122.99727,37.68677902,-122.99506,37.68619918500001,-122.99616499999999
FNM0910252203,FNT03_25,FN22,MPA,2.5,28,11.2,37.68606949,-122.99751,37.68700027,-122.99522,37.686534879999996,-122.996365
FNM0917251201,FNT05_25,FN12,MPA,2.5,8,3.2,37.69903183,-122.99697,37.69916153,-122.99438,37.69909668,-122.995675
FNM0917251202,FNT05_25,FN12,MPA,2,24,12,37.70074844,-122.99529,37.69966125,-122.99456,37.700204845,-122.994925
FNM0917251203,FNT05_25,FN12,MPA,1.991666667,34,17.071129704255878,37.70277023,-122.99379,37.70201874,-122.9938,37.702394485,-122.993795
FNM0917251301,FNT05_25,FN13,MPA,2.216666667,22,9.924812028582734,37.69348907,-123.02998,37.69554901,-123.02798,37.69451904,-123.02897999999999
FNM0917251302,FNT05_25,FN13,MPA,2.2625,36,15.91160220994475,37.69475937,-123.02854,37.6960907,-123.02797,37.695425035,-123.028255
FNM0917251303,FNT05_25,FN13,MPA,2,14,7,37.69509125,-123.02773,37.69691086,-123.02749,37.696001054999996,-123.02761000000001
FNM0917251401,FNT05_25,FN14,MPA,2.5,38,15.2,37.69165039,-123.0291,37.69203186,-123.02818,37.691841124999996,-123.02864
FNM0917251402,FNT05_25,FN14,MPA,2.5,21,8.4,37.69047928,-123.02875,37.6913681,-123.0277,37.69092369,-123.02822499999999
FNM0917251403,FNT05_25,FN14,MPA,2.558333333,31,12.117263845227004,37.68944931,-123.02843,37.6908989,-123.0274,37.690174105,-123.02791500000001
FNM0917252101,FNT05_25,FN21,MPA,2.25,33,14.666666666666666,37.68592072,-123.00121,37.68659973,-122.99971,37.686260225,-123.00046
FNM0917252102,FNT05_25,FN21,MPA,2.25,23,10.222222222222221,37.68619919,-123.00124,37.68716049,-122.99883,37.68667984,-123.000035
FNM0917252103,FNT05_25,FN21,MPA,2.25,16,7.111111111111111,37.68569946,-123.00071,37.6873703,-122.99833,37.686534879999996,-122.99951999999999
FNR0819250101,FNT01_25,FN01,REF,2.25,37,16.444444444444443,37.73181915,-123.0388,37.73202133,-123.03741,37.73192024,-123.038105
FNR0819250102,FNT01_25,FN01,REF,2.25,20,8.88888888888889,37.73365021,-123.0394,37.73336029,-123.03799,37.73350525,-123.03869499999999
FNR0819250103,FNT01_25,FN01,REF,2.25,50,22.22222222222222,37.73358917,-123.03697,37.73358917,-123.03596,37.73358917,-123.03646499999999
FNR0819250601,FNT01_25,FN06,REF,2.233333333,32,14.328358211093784,37.72243118,-123.03519,37.72261047,-123.03384,37.722520825000004,-123.034515
FNR0819250602,FNT01_25,FN06,REF,2.25,10,4.444444444444445,37.72190094,-123.03346,37.72222137,-123.03181,37.722061155,-123.032635
FNR0819250603,FNT01_25,FN06,REF,2.183333333,18,8.244274810418972,37.72005081,-123.03487,37.72029114,-123.03292,37.720170975,-123.033895
FNR0910250301,FNT03_25,FN03,REF,2.233333333,26,11.6417910465137,37.72377014,-123.04583,37.72546005,-123.04552,37.724615095000004,-123.04567499999999
FNR0910250302,FNT03_25,FN03,REF,2.188333333,32,14.623000763842041,37.72312927,-123.04713,37.72489166,-123.04611,37.724010465,-123.04661999999999
FNR0910250303,FNT03_25,FN03,REF,2.411111111,39,16.17511520811867,37.72378922,-123.04819,37.72584915,-123.04572,37.724819185,-123.046955
FNR0910250901,FNT03_25,FN09,REF,2.466666667,29,11.756756755168006,37.71643066,-123.03474,37.71846008,-123.03305,37.71744537,-123.033895
FNR0910250902,FNT03_25,FN09,REF,2.377777778,17,7.149532709612193,37.71557999,-123.03384,37.71786118,-123.03146,37.716720585000004,-123.03264999999999
FNR0910250903,FNT03_25,FN09,REF,2.206666667,20,9.063444107392229,37.71615982,-123.03503,37.71857834,-123.03228,37.71736908,-123.03365500000001
FNR0911250201,FNT04_25,FN02,REF,2.65,24,9.056603773584905,37.72613144,-123.04186,37.72565842,-123.04026,37.72589493,-123.04106
FNR0911250202,FNT04_25,FN02,REF,2.708333333,51,18.830769233086862,37.72753906,-123.0417,37.72703171,-123.03967,37.727285385,-123.040685
FNR0911250203,FNT04_25,FN02,REF,2.75,21,7.636363636363637,37.72858047,-123.04213,37.72753906,-123.04019,37.728059765,-123.04115999999999
FNR0911250401,FNT04_25,FN04,REF,2.75,13,4.7272727272727275,37.71884918,-123.04771,37.71912003,-123.04597,37.718984605,-123.04684
FNR0911250402,FNT04_25,FN04,REF,2.75,35,12.727272727272727,37.72055054,-123.0468,37.72106171,-123.04462,37.720806124999996,-123.04571
FNR0911250403,FNT04_25,FN04,REF,2.75,23,8.363636363636363,37.7208519,-123.04566,37.72101974,-123.04289,37.72093582,-123.044275
FNR0911250501,FNT04_25,FN05,REF,2.716666667,23,8.466257667672851,37.72219086,-123.0411,37.72232056,-123.03914,37.72225571,-123.04012
FNR0911250502,FNT04_25,FN05,REF,2.944166667,35,11.88791395280069,37.72000885,-123.04011,37.72016907,-123.03803,37.72008896,-123.03907000000001
FNR0911250503,FNT04_25,FN05,REF,2.55,19,7.450980392156863,37.72024918,-123.04131,37.72024918,-123.03913,37.72024918,-123.04022
FNR0911250601,FNT04_25,FN06,REF,2.75,29,10.545454545454545,37.72129059,-123.03466,37.7209816,-123.03333,37.721136095000006,-123.033995
FNR0911250602,FNT04_25,FN06,REF,2.753055556,31,11.260215919885345,37.72211838,-123.0351,37.72200012,-123.03333,37.72205925,-123.034215
FNR0911250603,FNT04_25,FN06,REF,2.963888889,17,5.735707591162672,37.723548889999996,-123.03405,37.72378922,-123.03237,37.723669055,-123.03321
FNR1008250401,FNT06_25,FN04,REF,2.25,38,16.88888888888889,37.71837997,-123.04483,37.72061157,-123.04335,37.71949577,-123.04409000000001
FNR1008250402,FNT06_25,FN04,REF,2.266666667,22,9.705882351513841,37.71879959,-123.04413,37.7209816,-123.04348,37.719890595,-123.04380499999999
FNR1008250403,FNT06_25,FN04,REF,2.233333333,31,13.880597016997104,37.71857071,-123.04306,37.72021866,-123.04329,37.719394685,-123.04317499999999
FNR1008250501,FNT06_25,FN05,REF,2.25,22,9.777777777777779,37.71868896,-123.0399,37.72040939,-123.03701,37.719549175,-123.038455
FNR1008250502,FNT06_25,FN05,REF,2.14,23,10.74766355140187,37.71926117,-123.04097,37.72108841,-123.03876,37.72017479,-123.03986499999999
FNR1008250503,FNT06_25,FN05,REF,2.256666667,19,8.41949778309904,37.72006989,-123.04114,37.72169113,-123.03919,37.72088051,-123.040165
FNR1008250701,FNT06_25,FN07,REF,2.25,47,20.88888888888889,37.71348953,-123.04604,37.71532059,-123.04607,37.71440506,-123.046055
FNR1008250702,FNT06_25,FN07,REF,2.25,38,16.88888888888889,37.71305847,-123.04532,37.71472931,-123.04563,37.71389389,-123.04547500000001
FNR1008250703,FNT06_25,FN07,REF,2.25,36,16,37.71261978,-123.04501,37.71511078,-123.04526,37.71386528,-123.045135
FNR1008250901,FNT06_25,FN09,REF,2.25,23,10.222222222222221,37.715271,-123.03365,37.71818924,-123.03427,37.71673012,-123.03396000000001
FNR1008250902,FNT06_25,FN09,REF,2.25,22,9.777777777777779,37.71541977,-123.03227,37.71833038,-123.03337,37.716875075,-123.03282
FNR1008250903,FNT06_25,FN09,REF,2.25,33,14.666666666666666,37.71520996,-123.03333,37.71796036,-123.03476,37.71658516,-123.034045
PLM0722251001,PLT01_25,PL10,MPA,0.963333333,33,34.25605537517511,36.50790024,-121.94691,36.50786972,-121.9469,36.50788498,-121.946905
PLM0722251002,PLT01_25,PL10,MPA,1.54,26,16.883116883116884,36.50799942,-121.94733,36.50791931,-121.94583,36.507959365,-121.94658
PLM0722251003,PLT01_25,PL10,MPA,2.963333333,131,44.206974133206636,36.51054001,-121.94961,36.51108932,-121.94751,36.510814665,-121.94856
PLM0722251004,PLT01_25,PL10,MPA,2.95,67,22.71186440677966,36.5103302,-121.9498,36.51052856,-121.9487,36.51042938,-121.94925
PLM0722251101,PLT01_25,PL11,MPA,2.8,127,45.35714285714286,36.48971939,-121.95069,36.49293137,-121.95075,36.49132538,-121.95071999999999
PLM0722251102,PLT01_25,PL11,MPA,3,107,35.666666666666664,36.48918152,-121.95024,36.4922905,-121.95016,36.490736010000006,-121.9502
PLM0722251103,PLT01_25,PL11,MPA,2.693333333,137,50.8663366399587,36.48863983,-121.95175,36.49140167,-121.95154,36.49002075,-121.951645
PLM0723250701,PLT02_25,PL07,MPA,2.25,42,18.666666666666668,36.52524185,-121.95192,36.52565002,-121.95093,36.525445935,-121.951425
PLM0723250702,PLT02_25,PL07,MPA,2.25,78,34.666666666666664,36.52555084,-121.95467,36.52552032,-121.95345,36.525535579999996,-121.95406
PLM0723250703,PLT02_25,PL07,MPA,2.25,80,35.55555555555556,36.52643967,-121.95124,36.5259285,-121.95031,36.526184085,-121.950775
PLM0723250901,PLT02_25,PL09,MPA,2.25,100,44.44444444444444,36.51274109,-121.95312,36.51395035,-121.95338,36.513345720000004,-121.95325
PLM0723250902,PLT02_25,PL09,MPA,2.25,30,13.333333333333334,36.51237869,-121.95382,36.51364899,-121.954,36.51301384,-121.95391
PLM0723250903,PLT02_25,PL09,MPA,2.25,108,48,36.51163101,-121.95506,36.51290131,-121.9552,36.512266159999996,-121.95513
PLM0723251101,PLT02_25,PL11,MPA,2.25,150,66.66666666666667,36.48983002,-121.95098,36.49185944,-121.95107,36.49084473,-121.951025
PLM0723251102,PLT02_25,PL11,MPA,2.25,103,45.77777777777778,36.48928833,-121.94984,36.49180984,-121.95048,36.490549085,-121.95016
PLM0723251103,PLT02_25,PL11,MPA,2.25,123,54.666666666666664,36.48880005,-121.95074,36.4920311,-121.95073,36.490415575,-121.950735
PLM0723251301,PLT02_25,PL13,MPA,2.25,65,28.88888888888889,36.48664093,-121.9493,36.48614883,-121.94967,36.48639488,-121.949485
PLM0723251302,PLT02_25,PL13,MPA,2.2,77,35,36.48743057,-121.95074,36.48777008,-121.95072,36.487600325,-121.95073
PLM0723251303,PLT02_25,PL13,MPA,2.25,136,60.44444444444444,36.48563004,-121.9519,36.48640823,-121.95183,36.486019135,-121.951865
PLM0812250901,PLT04_25,PL09,MPA,2.5,58,23.2,36.51493073,-121.95387,36.5135498,-121.95248,36.514240265,-121.95317499999999
PLM0812250902,PLT04_25,PL09,MPA,2.508333333,61,24.318936880308165,36.51496887,-121.95448,36.51388931,-121.95334,36.51442909,-121.95391000000001
PLM0812250903,PLT04_25,PL09,MPA,2.491666667,57,22.87625417754164,36.51446915,-121.95511,36.51398087,-121.9539,36.51422501,-121.95450500000001
PLM0812251101,PLT04_25,PL11,MPA,2.511111111,87,34.64601770064805,36.49277115,-121.9511,36.48907089,-121.95107,36.49092102,-121.951085
PLM0812251102,PLT04_25,PL11,MPA,2.505555556,88,35.12195121328214,36.49274063,-121.95229,36.48931885,-121.95116,36.49102974,-121.95172500000001
PLM0812251103,PLT04_25,PL11,MPA,2.483333333,70,28.187919466870863,36.49287033,-121.95039,36.48973083,-121.94982,36.49130058,-121.95010500000001
PLM0813250801,PLT05_25,PL08,MPA,2,85,42.5,36.52421188,-121.9589,36.52153015,-121.95982,36.522871015,-121.95936
PLM0813250802,PLT05_25,PL08,MPA,2,79,39.5,36.52439117,-121.95818,36.52182007,-121.95866,36.523105619999995,-121.95841999999999
PLM0813250803,PLT05_25,PL08,MPA,2,68,34,36.52429962,-121.95954,36.5201416,-121.95894,36.522220610000005,-121.95924
PLM0813251101,PLT05_25,PL11,MPA,2,99,49.5,36.49261093,-121.95212,36.48820114,-121.95232,36.490406035,-121.95222
PLM0813251102,PLT05_25,PL11,MPA,1.904444444,68,35.70595100016475,36.4928894,-121.95085,36.48825073,-121.95105,36.490570065,-121.95095
PLM081325MN01,PLT05_25,PLMN,MPA,1.888888889,69,36.529411762557096,36.49259949,-121.95023,36.48783112,-121.9501,36.49021530500001,-121.950165
PLM0814250701,PLT06_25,PL07,MPA,3.103333333,36,11.600429646788445,36.52658081,-121.9512,36.52716064,-121.95157,36.526870724999995,-121.951385
PLM0814250702,PLT06_25,PL07,MPA,3.06,122,39.869281045751634,36.52621078,-121.95061,36.52682114,-121.95036,36.52651596,-121.950485
PLM0814250703,PLT06_25,PL07,MPA,2.843333333,66,23.21219226532382,36.52621841,-121.95065,36.52687073,-121.95021,36.52654457,-121.95043
PLM0814251201,PLT06_25,PL12,MPA,2.573333333,214,83.16062177243013,36.49085999,-121.95762,36.48783112,-121.95641,36.489345555,-121.95701500000001
PLM0814251202,PLT06_25,PL12,MPA,3.023333333,231,76.40573319475256,36.49077988,-121.95718,36.4869194,-121.95646,36.48884964,-121.95682
PLM0814251203,PLT06_25,PL12,MPA,2.833333333,181,63.88235294869204,36.49087906,-121.95737,36.48693848,-121.95744,36.488908769999995,-121.957405
PLR0722251401,PLT01_25,PL14,REF,2.933333333,10,3.4090909094783055,36.47732162,-121.94327,36.47748947,-121.94367,36.477405544999996,-121.94346999999999
PLR0722251402,PLT01_25,PL14,REF,2.908333333,19,6.532951290147044,36.47546005,-121.94418,36.47731018,-121.94542,36.476385115,-121.9448
PLR0722251403,PLT01_25,PL14,REF,2.966666667,18,6.067415729655346,36.47523117,-121.94479,36.47763824,-121.94552,36.476434705,-121.945155
PLR0722251701,PLT01_25,PL17,REF,2.983333333,12,4.022346369164508,36.46266174,-121.93197,36.46215057,-121.93178,36.462406155,-121.931875
PLR0722251702,PLT01_25,PL17,REF,3.083333333,9,2.9189189192344775,36.4629097,-121.93327,36.46200943,-121.93412,36.462459565,-121.933695
PLR0722251703,PLT01_25,PL17,REF,2.8,10,3.5714285714285716,36.46281052,-121.93245,36.46162033,-121.93287,36.462215425,-121.93266
PLR0724250201,PLT03_25,PL02,REF,3,55,18.333333333333332,36.57854843,-121.98387,36.57966995,-121.98318,36.57910919,-121.983525
PLR0724250202,PLT03_25,PL02,REF,3,53,17.666666666666668,36.57881165,-121.9838,36.58066177,-121.98295,36.57973671,-121.983375
PLR0724250203,PLT03_25,PL02,REF,3,53,17.666666666666668,36.57775879,-121.98287,36.58015823,-121.98218,36.57895851,-121.98252500000001
PLR0724250301,PLT03_25,PL03,REF,2.95,30,10.169491525423728,36.57316971,-121.98224,36.57390976,-121.98251,36.573539735,-121.982375
PLR0724250302,PLT03_25,PL03,REF,3,35,11.666666666666666,36.57252884,-121.98096,36.57376099,-121.98094,36.573144915,-121.98095000000001
PLR0724250303,PLT03_25,PL03,REF,1.991666667,24,12.05020920300415,36.57400894,-121.98095000000001,36.57505035,-121.98091,36.574529645,-121.98093
PLR0724250304,PLT03_25,PL03,REF,1.056666667,6,5.678233436694564,36.57490158,-121.9817,36.57543182,-121.98163,36.5751667,-121.98166499999999
PLR0724250401,PLT03_25,PL04,REF,3,35,11.666666666666666,36.5707016,-121.97926,36.57123184,-121.97845,36.57096672,-121.978855
PLR0724250402,PLT03_25,PL04,REF,3.003333333,76,25.30521642900169,36.56959152,-121.98074,36.57038116,-121.98008,36.56998634,-121.98041
PLR0724250403,PLT03_25,PL04,REF,3,51,17,36.56977081,-121.98003,36.57136154,-121.97936,36.570566174999996,-121.97969499999999
PLR0724251501,PLT03_25,PL15,REF,3,50,16.666666666666668,36.47330856,-121.94123,36.47320938,-121.94085,36.47325897,-121.94104
PLR0724251502,PLT03_25,PL15,REF,3,15,5,36.47151947,-121.94159,36.47174072,-121.94142,36.471630094999995,-121.941505
PLR0724251503,PLT03_25,PL15,REF,3,21,7,36.47283936,-121.94034,36.47375107,-121.94035,36.473295215,-121.94034500000001
PLR0812251401,PLT04_25,PL14,REF,2.7,20,7.4074074074074066,36.47645187,-121.94448,36.47576904,-121.94738,36.476110455,-121.94593
PLR0812251402,PLT04_25,PL14,REF,2.293888889,18,7.846936303809787,36.4774704,-121.94547,36.47385025,-121.94496,36.475660325,-121.94521499999999
PLR0812251403,PLT04_25,PL14,REF,2.761111111,14,5.070422535415309,36.47763062,-121.9455,36.47362137,-121.94489,36.475625995,-121.945195
PLR0812251501,PLT04_25,PL15,REF,2.708333333,17,6.276923077695621,36.47135162,-121.9407,36.47063065,-121.94225,36.470991135,-121.941475
PLR0812251502,PLT04_25,PL15,REF,2.7,14,5.185185185185185,36.47169876,-121.9408,36.47090149,-121.94203,36.471300125,-121.941415
PLR0812251503,PLT04_25,PL15,REF,2.75,14,5.090909090909091,36.47338104,-121.94054,36.4725914,-121.94299,36.472986219999996,-121.941765
PLR0813250101,PLT05_25,PL01,REF,2.25,5,2.2222222222222223,36.58600998,-121.98414,36.58457947,-121.98319,36.585294725,-121.983665
PLR0813250102,PLT05_25,PL01,REF,2.25,35,15.555555555555555,36.58663177,-121.98289,36.58546829,-121.98188,36.586050029999996,-121.982385
PLR0813250103,PLT05_25,PL01,REF,2.2275,27,12.121212121212121,36.58563995,-121.98513,36.58457947,-121.98357,36.58510971,-121.98435
PLR0813250401,PLT05_25,PL04,REF,2.25,18,8,36.57067108,-121.97943,36.5685997,-121.97894,36.56963539,-121.979185
PLR0813250402,PLT05_25,PL04,REF,2.25,26,11.555555555555555,36.57091904,-121.97943,36.56882095,-121.97854,36.569869995000005,-121.978985
PLR0813250403,PLT05_25,PL04,REF,2.25,56,24.88888888888889,36.57094955,-121.98045,36.56869125,-121.97926,36.5698204,-121.979855
PLR0814250301,PLT06_25,PL03,REF,2.983333333,17,5.698324022983053,36.5750618,-121.98222,36.5728302,-121.98016,36.573946,-121.98119
PLR0814250302,PLT06_25,PL03,REF,3,13,4.333333333333333,36.57495117,-121.98373,36.57183838,-121.98143,36.573394775,-121.98258
PLR0814250303,PLT06_25,PL03,REF,2.916666667,8,2.7428571425436736,36.57564163,-121.98231,36.57381058,-121.98034,36.574726104999996,-121.981325
PLR0814250501,PLT06_25,PL05,REF,3.13,33,10.543130990415335,36.56758118,-121.97347,36.56631088,-121.97214,36.56694603,-121.972805
PLR0814250502,PLT06_25,PL05,REF,3,25,8.333333333333334,36.56861115,-121.97346,36.56700897,-121.9723,36.56781006,-121.97288
PLR0814250503,PLT06_25,PL05,REF,3.066666667,22,7.173913042698488,36.56761932,-121.97152,36.56605911,-121.96983,36.566839215,-121.970675
