Drift ID,Trip ID,ID Cell per Trip,Grid Cell ID,Site (MPA/ REF),Drifting or Holding Station,Start Search Time,End Search Time,Start Time,End Time,Drift Time (hrs),BAR (+/- mins) Fishing Time,FLY (+/- mins) Fishing Time,BAT (+/- mins) Fishing Time,DPR (+/- mins) Fishing Time,SBT (+/- mins) Fishing Time,Total (+/-) Time (hrs),Number of BAT fishers,Number of FLY fishers,Number of DPR fishers,Number of SBT fishers,Number of BAR fishers,Total . Anglers Fishing,Total Angler Hrs,ST_LatDD,ST_LonDD,Start Lat/Lon GPS Waypoint,Start Lat/Lon waypoint_link,End_LatDD,End_LonDD,End Lat/Lon GPS Waypoint,End Lat/Lon waypoint_link,Drift Length (m),Recorder,Tag Crew,"Surface T (instrument, C)","Depth T ( instrument, C)","SWT (vessel, F)",Relief (1-3),Start Depth (ft),End Depth (ft),Lingcod Bar Weight (oz),Lead Weight (oz),SBT Tail Length (in),SBT Head Weight (oz),. Seals,. Sea Lions,Total Fishes Caught,Cloud Cover (0-3),Obs Wind Speed (kt),Obs Wind Direction,Obs Swell Height (ft),Secchi Depth (m),Comments,Excluded Drift Comment,Exclude:Gear-Specific CPUE
ANM0715251301,ANT01_25,ANM07152513,AN13,MPA,Drift,1/0/1900,1/0/1900,1/0/1900,1/0/1900,0.25,0,0,0,0,0,0,4,3,,,4,11,2.75,37.11032104,-122.34737,1718,071525_1718,37.11246872,-122.34888,1738,071525_1738,273,KM,JT,,,56,2,62,56,4,10,,,0,0,30,3,4,W,3,,,,FALSE
ANM0715251302,ANT01_25,ANM07152513,AN13,MPA,Drift,1/0/1900,1/0/1900,1/0/1900,1/0/1900,0.25,0,0,0,0,0,0,4,3,,,4,11,2.75,37.11090851,-122.3463,1739,071525_1739,37.11302948,-122.3477,1760,071525_1760,266,KM,JT,,,55.9,3,48,46,4,10,,,0,0,27,3,6,W,4,,,,FALSE
ANM0715251303,ANT01_25,ANM07152513,AN13,MPA,Drift,1/0/1900,1/0/1900,1/0/1900,1/0/1900,0.25,-2,-4,-3,0,0,-0.15,4,3,,,5,12,2.85,37.10961151,-122.34666,1761,071525_1761,37.11183167,-122.34831,1779,071525_1779,287,KM,JT,,,56,2,56,55,4,10,,,0,0,23,3,5,W,4,,Meghan Fox fishing a jig as angler #6 for this drift,,FALSE
ANM0715251401,ANT01_25,ANM07152514,AN14,MPA,Drift,1/0/1900,1/0/1900,1/0/1900,1/0/1900,0.25,0,0,0,0,0,0,4,3,,,4,11,2.75,37.10686111,-122.34695,1662,071525_1662,37.10863876,-122.34839,1680,071525_1680,235,KM,SP,,,56,2,74,59,4,10,,,1,0,49,3,4,W,2,,,,FALSE
ANM0715251402,ANT01_25,ANM07152514,AN14,MPA,Drift,1/0/1900,1/0/1900,1/0/1900,1/0/1900,0.25,0,0,0,0,0,0,4,3,,,4,11,2.75,37.10533905,-122.34487,1681,071525_1681,37.10705185,-122.34717,1700,071525_1700,279,KM,SP,,,56.1,2,61,73,4,10,,,0,0,63,3,4,W,2,,,,FALSE
ANM0715251403,ANT01_25,ANM07152514,AN14,MPA,Drift,1/0/1900,1/0/1900,1/0/1900,1/0/1900,0.25,0,-9,-4,0,0,-0.216666667,4,3,,,4,11,2.533333333,37.10569,-122.34393,1701,071525_1701,37.10758972,-122.34591,1717,071525_1717,275,KM,SP,,,56,2,52,66,4,10,,,0,2,70,3,4,W,2,,,,FALSE
ANM0716251301,ANT02_25,ANM07162513,AN13,MPA,Drift,1/0/1900,1/0/1900,1/0/1900,1/0/1900,0.25,-11,0,0,0,0,-0.183333333,4,4,,,4,12,2.816666667,37.10955048,-122.3472,1981,071625_1981,37.11235809,-122.34769,1994,071625_1994,315,KM,JT,,,58,2,53,52,4,10,,,0,3,14,3,5,W,3,,,,FALSE
ANM0716251302,ANT02_25,ANM07162513,AN13,MPA,Drift,1/0/1900,1/0/1900,1/0/1900,1/0/1900,0.25,0,0,0,0,0,0,4,4,,,4,12,3,37.10964966,-122.34677,1995,071625_1995,37.11243057,-122.34628,15,071625_15,312,KM,JT,,,58,2,58,42,4,10,,,0,1,36,3,5,W,3,,,,FALSE
ANM0716251303,ANT02_25,ANM07162513,AN13,MPA,Drift,1/0/1900,1/0/1900,1/0/1900,1/0/1900,0.25,0,0,-6,0,0,-0.1,4,4,,,4,12,2.9,37.11064911,-122.34632,16,071625_16,37.11338043,-122.34597,41,071625_41,305,KM,JT,,,58,2,53,40,4,10,,,0,0,29,2,5,W,3,,,,FALSE
ANM0716251901,ANT02_25,ANM07162519,AN19,MPA,Drift,1/0/1900,1/0/1900,1/0/1900,1/0/1900,0.25,0,0,0,0,0,0,4,4,,,4,12,3,37.0906601,-122.32938,1934,071625_1934,37.09255981,-122.32913,1952,071625_1952,212,KM,CD,,,57,1,103,86,4,10,,,0,2,32,2,5,W,3,,,,FALSE
ANM0716251902,ANT02_25,ANM07162519,AN19,MPA,Drift,1/0/1900,1/0/1900,1/0/1900,1/0/1900,0.25,0,-1,0,0,0,-0.016666667,4,4,,,4,12,2.983333333,37.09078979,-122.32875,1953,071625_1953,37.0929184,-122.32897,1968,071625_1968,237,KM,CD,,,57.9,1,101,88,4,10,,,0,2,26,2,5,W,3,,,,FALSE
ANM0716251903,ANT02_25,ANM07162519,AN19,MPA,Drift,1/0/1900,1/0/1900,1/0/1900,1/0/1900,0.25,0,0,0,0,0,0,4,4,,,4,12,3,37.09127045,-122.32896,1969,071625_1969,37.09310913,-122.32848,1980,071625_1980,208,KM,CD,,,58,1,98,82,4,10,,,0,0,19,2,4,W,3,,,,FALSE
ANM0716252101,ANT02_25,ANM07162521,AN21,MPA,Drift,1/0/1900,1/0/1900,1/0/1900,1/0/1900,0.25,0,0,0,0,0,0,4,4,,,4,12,3,37.0904007,-122.32053,1894,071625_1894,37.09207153,-122.32067,1902,071625_1902,186,KM,SP,,,57,2,94,81,4,10,,,0,0,7,2,6,W,4,,,,FALSE
ANM0716252102,ANT02_25,ANM07162521,AN21,MPA,Drift,1/0/1900,1/0/1900,1/0/1900,1/0/1900,0.1725,0,0,0,0,0,0,4,4,,,4,12,2.07,37.09122849,-122.32423,1903,071625_1903,37.09296036,-122.32458,1915,071625_1915,195,KM,SP,,,57,1,98,75,4,10,,,0,0,51,3,7,W,4,,,,FALSE
ANM0716252103,ANT02_25,ANM07162521,AN21,MPA,Drift,1/0/1900,1/0/1900,1/0/1900,1/0/1900,0.318611111,0,0,0,0,0,0,4,4,,,4,12,3.823333333,37.09091949,-122.3235,1916,071625_1916,37.09289169,-122.32279,1933,071625_1933,228,KM,SP,,,57,1,102,81,4,10,,,0,0,33,3,6,W,3,,,,FALSE
ANM0716252201,ANT02_25,ANM07162522,AN22,MPA,Drift,1/0/1900,1/0/1900,1/0/1900,1/0/1900,0.189444444,0,0,0,0,0,0,4,4,,,4,12,2.273333333,37.09545135,-122.31625,1847,071625_1847,37.09690857,-122.31615,1850,071625_1850,162,KM,MS,,,57,2,73,38,4,10,,,0,0,2,3,6,SW,4,,,,FALSE
ANM0716252202,ANT02_25,ANM07162522,AN22,MPA,Drift,1/0/1900,1/0/1900,1/0/1900,1/0/1900,0.310555556,0,0,0,0,0,0,4,4,,,4,12,3.726666667,37.09366989,-122.31754,1851,071625_1851,37.09648895,-122.31787,1876,071625_1876,314,KM,MS,,,57.5,2,64,71,4,10,,,0,0,49,3,6,SW,4,,,,FALSE
ANM0716252203,ANT02_25,ANM07162522,AN22,MPA,Drift,1/0/1900,1/0/1900,1/0/1900,1/0/1900,0.248055556,0,-4,0,0,0,-0.066666667,4,4,,,4,12,2.91,37.09571075,-122.31792,1877,071625_1877,37.09788132,-122.31759,1893,071625_1893,243,KM,MS,,,57.5,2,65,73,4,10,,,0,0,18,2,6,W,5,,,,FALSE
ANM0805251201,ANT04_25,ANM08052512,AN12,MPA,Drift,1/0/1900,1/0/1900,1/0/1900,1/0/1900,0.25,0,-1,-1,0,0,-0.033333333,4,4,,,4,12,2.966666667,37.11827087,-122.34969,1083,080525_1083,37.11460876,-122.34564,1094,080525_1094,543,KM,JT,,,52,3,35,43,4,10,,,0,0,20,1,14,NW,4,,,,FALSE
ANM0805251202,ANT04_25,ANM08052512,AN12,MPA,Drift,1/0/1900,1/0/1900,1/0/1900,1/0/1900,0.25,-4,0,0,0,0,-0.066666667,4,4,,,4,12,2.933333333,37.11848831,-122.35003,1095,080525_1095,37.11450958,-122.3459,1107,080525_1107,574,KM,MS,,,52,2,38,34,4,10,,,0,0,20,1,14,NW,4,,,,FALSE
ANM0805251203,ANT04_25,ANM08052512,AN12,MPA,Drift,1/0/1900,1/0/1900,1/0/1900,1/0/1900,0.25,0,0,0,0,0,0,4,4,,,4,12,3,37.11867905,-122.34966,1108,080525_1108,37.11437988,-122.34576,1115,080525_1115,590,KM,MS,,,51,2,32,28,4,10,,,0,0,9,1,15,NW,4,,,,FALSE
ANM0805251302,ANT04_25,ANM08052513,AN13,MPA,Drift,1/0/1900,1/0/1900,1/0/1900,1/0/1900,0.25,-1,0,-2,0,0,-0.05,4,4,,,4,12,2.95,37.11368942,-122.34932,1054,080525_1054,37.10958862,-122.34511,1072,080525_1072,589,KM,JT,,,52,2,53,50,4,10,,,0,0,20,1,12,,4,,,,FALSE
ANM0805251303,ANT04_25,ANM08052513,AN13,MPA,Drift,1/0/1900,1/0/1900,1/0/1900,1/0/1900,0.25,0,-1,0,0,0,-0.016666667,4,4,,,4,12,2.983333333,37.1134491,-122.34895,1073,080525_1073,37.10950851,-122.34435,1082,080525_1082,598,KM,JT,,,52,2,47,51,4,10,,,0,0,14,1,12,NW,3,,,,FALSE
ANM0805251701,ANT04_25,ANM08052517,AN17,MPA,Drift,1/0/1900,1/0/1900,1/0/1900,1/0/1900,0.25,0,0,-2,0,0,-0.033333333,4,4,,,4,12,2.966666667,37.09901047,-122.33707,987,080525_987,37.09595108,-122.33208,1004,080525_1004,558,KM,MS,,,52,3,58,66,4,10,,,0,0,34,1,9,NW,3,,,,FALSE
ANM0805251702,ANT04_25,ANM08052517,AN17,MPA,Drift,1/0/1900,1/0/1900,1/0/1900,1/0/1900,0.25,0,0,-1,0,0,-0.016666667,4,4,,,4,12,2.983333333,37.09931946,-122.33703,1005,080525_1005,37.09593964,-122.33241,1023,080525_1023,556,KM,MS,,,52,3,71,65,4,10,,,0,0,42,1,9,NW,3,,,,FALSE
ANM0805251703,ANT04_25,ANM08052517,AN17,MPA,Drift,1/0/1900,1/0/1900,1/0/1900,1/0/1900,0.25,0,0,-1,0,0,-0.016666667,4,4,,,4,12,2.983333333,37.09902954,-122.33705,1024,080525_1024,37.09531021,-122.33185,1040,080525_1040,620,KM,MS,,,52,3,52,73,4,10,,,0,0,31,1,11,NW,3,,,,FALSE
ANM0805251801,ANT04_25,ANM08052518,AN18,MPA,Drift,1/0/1900,1/0/1900,1/0/1900,1/0/1900,0.25,-1,0,-1,0,0,-0.033333333,4,4,,,4,12,2.966666667,37.09978104,-122.33016,915,080525_915,37.09833908,-122.32676,945,080525_945,342,KM,MS,,,51.3,3,41,53,4,10,,,0,0,43,2,9,NW,3,,,,FALSE
ANM0805251802,ANT04_25,ANM08052518,AN18,MPA,Drift,1/0/1900,1/0/1900,1/0/1900,1/0/1900,0.25,-1,0,-1,0,0,-0.033333333,4,4,,,4,12,2.966666667,37.09973145,-122.33,946,080525_946,37.09846878,-122.32672,964,080525_964,323,KM,MS,,,51,3,64,48,4,10,,,0,0,26,2,9,NW,3,,,,FALSE
ANM0805251803,ANT04_25,ANM08052518,AN18,MPA,Drift,1/0/1900,1/0/1900,1/0/1900,1/0/1900,0.274444444,0,-1,-1,0,0,-0.033333333,4,4,,,4,12,3.26,37.09999847,-122.33038,965,080525_965,37.09817886,-122.32629,986,080525_986,416,KM,MS,,,51,3,46,44,4,10,,,0,0,33,1,9,NW,3,,,,FALSE
ANM080525MM01,ANT04_25,ANM080525MM,ANMM,MPA,Drift,1/0/1900,1/0/1900,1/0/1900,1/0/1900,0.25,0,-0.5,-4,0,0,-0.075,4,4,,,4,12,2.925,37.11312866,-122.34844,1041,080525_1041,37.10894012,-122.34462,1053,080525_1053,575,KM,JT,,,52,2,53,53,4,10,,,0,0,22,1,11,NW,4,,,"Ended in another cell (AN14), original drift ID: ANM0805251301",FALSE
ANM0806251501,ANT05_25,ANM08062515,AN15,MPA,Drift,1/0/1900,1/0/1900,1/0/1900,1/0/1900,0.25,0,0,0,0,0,0,4,4,,,4,12,3,37.10216904,-122.34846,1183,080625_1183,37.1003418,-122.34444,1202,080625_1202,411,KM,CD,,,52,2,97,75,4,10,,,0,1,51,1,8,NW,3,,"Landon fishing as angler #11 with baited shrimp flies, Nova in the water",,FALSE
ANM0806251502,ANT05_25,ANM08062515,AN15,MPA,Drift,1/0/1900,1/0/1900,1/0/1900,1/0/1900,0.25,2,-5,0,0,0,-0.05,4,4,,,4,12,2.95,37.10195923,-122.34795,1203,080625_1203,37.09973907,-122.34382,1221,080625_1221,442,KM,CD,,,53,2,90,69,4,10,,,0,0,52,3,9,NW,4,,Landon fishing as angler #11 with baited shrimp flies,,FALSE
ANM0806251503,ANT05_25,ANM08062515,AN15,MPA,Drift,1/0/1900,1/0/1900,1/0/1900,1/0/1900,0.201666667,-2,0,0,0,0,-0.033333333,4,4,,,4,12,2.386666667,37.10166168,-122.34792,1222,080625_1222,37.09840012,-122.34344,1240,080625_1240,538,KM,CD,,,54,2,95,83,4,10,,,0,0,30,3,9,NW,3,,Madison fishing as angler #11 with baited shrimp flies,,FALSE
ANM0806251901,ANT05_25,ANM08062519,AN19,MPA,Drift,1/0/1900,1/0/1900,1/0/1900,1/0/1900,0.25,-2,0,0,0,0,-0.033333333,3,4,,,4,11,2.716666667,37.09329987,-122.32999,1115,080625_1115,37.09257126,-122.32712,1133,080625_1133,268,KM,CD,,,51,2,90,83,4,10,,,0,2,29,1,7,N,5,,,,FALSE
ANM0806251902,ANT05_25,ANM08062519,AN19,MPA,Drift,1/0/1900,1/0/1900,1/0/1900,1/0/1900,0.258333333,0,0,0,0,0,0,3,4,,,4,11,2.841666667,37.09276962,-122.33052,1134,080625_1134,37.09215927,-122.3273,1159,080625_1159,294,KM,CD,,,51,2,94,86,4,10,,,0,0,33,1,6,N,5,,,,FALSE
ANM0806251903,ANT05_25,ANM08062519,AN19,MPA,Drift,1/0/1900,1/0/1900,1/0/1900,1/0/1900,0.241666667,-3,0,0,0,0,-0.05,3,4,,,5,12,2.85,37.09291077,-122.32986,1160,080625_1160,37.09223938,-122.32717,1182,080625_1182,250,KM,CD,,,51,2,92,84,4,10,,,0,4,34,1,6,N,3,,Jake fishing as angler #11 with a jig,,FALSE
ANR0715250401,ANT01_25,ANR07152504,AN04,REF,Drift,1/0/1900,1/0/1900,1/0/1900,1/0/1900,0.166666667,0,0,-2,0,0,-0.033333333,4,3,,,4,11,1.8,37.22335052,-122.42262,1806,071525_1806,37.22647095,-122.42236,1819,071525_1819,347,JT,SP,,,55.9,2,66,62,4,8,,,0,0,19,3,10,W,6,,,,FALSE
ANR0715250402,ANT01_25,ANR07152504,AN04,REF,Drift,1/0/1900,1/0/1900,1/0/1900,1/0/1900,0.166666667,0,0,0,0,0,0,4,3,,,4,11,1.833333333,37.22320938,-122.4232,1820,071525_1820,37.22652054,-122.42236,1833,071525_1833,375,JT,SP,,,56,2,72,,4,8,,,0,0,20,3,10,W,6,,,,FALSE
ANR0715250403,ANT01_25,ANR07152504,AN04,REF,Drift,1/0/1900,1/0/1900,1/0/1900,1/0/1900,0.166666667,0,0,-12,0,0,-0.2,4,3,,,5,12,1.8,37.22328949,-122.4235,1834,071525_1834,37.22674179,-122.42281,1846,071525_1846,388,JT,SP,,,56,2,73,59,4,8,,,0,0,28,3,10,W,6,,Meghan Fox fishing a jig as angler #6 for this drift,,FALSE
ANR0715250501,ANT01_25,ANR07152505,AN05,REF,Drift,1/0/1900,1/0/1900,1/0/1900,1/0/1900,0.175277778,0,0,-5,0,0,-0.083333333,4,3,,,4,11,1.844722222,37.2161293,-122.41807,1780,071525_1780,37.21854019,-122.41808,1787,071525_1787,267,JT,SP/BM,,,55,1,56,50,4,10,,,0,0,9,3,8,W,5,,,,FALSE
ANR0715250502,ANT01_25,ANR07152505,AN05,REF,Drift,1/0/1900,1/0/1900,1/0/1900,1/0/1900,0.166666667,0,0,-2,0,0,-0.033333333,4,3,,,4,11,1.8,37.21644974,-122.41633,1788,071525_1788,37.21817017,-122.41644,1797,071525_1797,191,JT,SP,,,54,2,51,41,4,8,,,0,0,15,3,10,W,5,,,,FALSE
ANR0715250503,ANT01_25,ANR07152505,AN05,REF,Drift,1/0/1900,1/0/1900,1/0/1900,1/0/1900,0.166666667,0,0,0,0,0,0,4,3,,,4,11,1.833333333,37.21657944,-122.416,1798,071525_1798,37.21852112,-122.41576,1805,071525_1805,216,JT,SP,,,55,2,51,23,4,8,,,0,0,9,3,10,W,5,,,,FALSE
ANR0717250101,ANT03_25,ANR07172501,AN01,REF,Drift,1/0/1900,1/0/1900,1/0/1900,1/0/1900,0.25,0,0,0,0,0,0,4,4,,,4,12,3,37.24288177,-122.42845,289,071725_289,37.24456024,-122.42645,304,071725_304,257,CD,KM,,,58,2,52,35,4,10,,,0,0,33,3,4,W,,,,,FALSE
ANR0717250102,ANT03_25,ANR07172501,AN01,REF,Drift,1/0/1900,1/0/1900,1/0/1900,1/0/1900,0.25,0,-5,0,0,0,-0.083333333,4,4,,,4,12,2.916666667,37.24224091,-122.42808,305,071725_305,37.24353027,-122.42591,319,071725_319,240,CD,KM,,,58,3,54,30,4,10,,,0,0,27,3,4,W,,,,,FALSE
ANR0717250103,ANT03_25,ANR07172501,AN01,REF,Drift,1/0/1900,1/0/1900,1/0/1900,1/0/1900,0.25,0,-0.5,0,0,0,-0.008333333,4,4,,,4,12,2.991666667,37.24248123,-122.42814,320,071725_320,37.24417877,-122.42662,342,071725_342,232,CD,KM,,,58,3,52,35,4,10,,,0,0,50,3,4,W,,,,,FALSE
ANR0717250401,ANT03_25,ANR07172504,AN04,REF,Drift,1/0/1900,1/0/1900,1/0/1900,1/0/1900,0.25,0,0,0,0,0,0,4,4,,,4,12,3,37.22333908,-122.42177,245,071725_245,37.22446823,-122.42166,253,071725_253,126,KM,CD,,,53,2,48,56,4,10,,,0,0,17,3,7,W,3,,,,FALSE
ANR0717250402,ANT03_25,ANR07172504,AN04,REF,Drift,1/0/1900,1/0/1900,1/0/1900,1/0/1900,0.25,0,0,0,0,0,0,4,4,,,4,12,3,37.22420883,-122.42347,254,071725_254,37.22512817,-122.42236,273,071725_273,142,KM,CD,,,58,2,54,56,4,10,,,0,1,55,3,6,W,3,,,,FALSE
ANR0717250403,ANT03_25,ANR07172504,AN04,REF,Drift,1/0/1900,1/0/1900,1/0/1900,1/0/1900,0.25,0,0,0,0,0,0,4,4,,,4,12,3,37.22375107,-122.42345,275,071725_275,37.22478867,-122.42246,288,071725_288,145,KM,CD,,,58,2,58,56,4,10,,,0,0,21,3,6,W,2,,,,FALSE
ANR0717250601,ANT03_25,ANR07172506,AN06,REF,Drift,1/0/1900,1/0/1900,1/0/1900,1/0/1900,0.250833333,0,-3,0,0,0,-0.05,4,4,,,4,12,2.96,37.19522095,-122.41135,178,071725_178,37.19623947,-122.4111,201,071725_201,115,KM,SP,,,57,2,65,39,4,10,,,0,0,73,3,4,W,3,,,,FALSE
ANR0717250602,ANT03_25,ANR07172506,AN06,REF,Drift,1/0/1900,1/0/1900,1/0/1900,1/0/1900,0.249166667,0,0,0,0,0,0,4,4,,,4,12,2.99,37.19655991,-122.41107,202,071725_202,37.19744873,-122.41162,225,071725_225,110,KM,SP,,,57,2,37,32,4,10,,,0,0,59,3,4,W,3,,,,FALSE
ANR0717250603,ANT03_25,ANR07172506,AN06,REF,Drift,1/0/1900,1/0/1900,1/0/1900,1/0/1900,0.25,0,0,0,0,0,0,4,4,,,4,12,3,37.19644928,-122.41145,226,071725_226,37.1974411,-122.41184,244,071725_244,115,KM,SP,,,57,2,43,28,4,10,,,0,0,36,3,5,W,3,,,,FALSE
ANR0717250801,ANT03_25,ANR07172508,AN08,REF,Drift,1/0/1900,1/0/1900,1/0/1900,1/0/1900,0.25,0,0,0,0,0,0,4,4,,,4,12,3,37.18442917,-122.40555,42,071725_42,37.18492889,-122.40565,68,071725_68,56,KM,MS,,,57,2,60,61,4,10,,,0,0,51,3,2,W,4,,,,FALSE
ANR0717250802,ANT03_25,ANR07172508,AN08,REF,Drift,1/0/1900,1/0/1900,1/0/1900,1/0/1900,0.25,0,0,0,0,0,0,4,4,,,4,12,3,37.18470001,-122.40531,69,071725_69,37.18537903,-122.40571,98,071725_98,83,KM,MS,,,57,2,65,61,4,10,,,0,0,37,3,3,W,3,,,,FALSE
ANR0717250803,ANT03_25,ANR07172508,AN08,REF,Drift,1/0/1900,1/0/1900,1/0/1900,1/0/1900,0.25,0,0,0,0,0,0,4,4,,,4,12,3,37.1855011,-122.40565,99,071725_99,37.18637085,-122.40694,177,071725_177,150,KM,MS,,,57.5,2,62,63,4,10,,,0,0,51,3,4,W,3,,,,FALSE
ANR0806250601,ANT05_25,ANR08062506,AN06,REF,Drift,1/0/1900,1/0/1900,1/0/1900,1/0/1900,0.25,0,0,0,0,0,0,4,4,,,4,12,3,37.19858932,-122.41399,1305,080625_1305,37.19485092,-122.41252,1318,080625_1318,435,KM,MS,,,56,1,60,71,4,10,,,0,0,26,3,6,NW,7,,Sebastian fishing as angler #11 with baited shrimp flies,,FALSE
ANR0806250602,ANT05_25,ANR08062506,AN06,REF,Drift,1/0/1900,1/0/1900,1/0/1900,1/0/1900,0.248055556,0,0,0,0,0,0,4,4,,,4,12,2.976666667,37.19866943,-122.41298,1319,080625_1319,37.19425964,-122.41227,1339,080625_1339,493,KM,MS,,,56,2,60,68,4,10,,,0,0,35,3,8,NW,4,,Sebastian fishing as angler #11 with baited shrimp flies,,FALSE
ANR0806250603,ANT05_25,ANR08062506,AN06,REF,Drift,1/0/1900,1/0/1900,1/0/1900,1/0/1900,0.25,-12,0,0,0,0,-0.2,4,4,,,4,12,2.8,37.19890976,-122.41183,1340,080625_1340,37.19488144,-122.41122,1360,080625_1360,450,KM,MS,,,56,3,50,56,4,10,,,0,0,32,3,6,NW,5,,MLML science crew as angler #11 with baited shrimp flies,,FALSE
ANR0806250801,ANT05_25,ANR08062508,AN08,REF,Drift,1/0/1900,1/0/1900,1/0/1900,1/0/1900,0.248333333,-4,0,0,0,0,-0.066666667,4,4,,,4,12,2.913333333,37.18682861,-122.4073,1241,080625_1241,37.18241119,-122.40243,1256,080625_1256,653,KM,CD,,,55,2,72,46,4,10,,,0,0,19,3,9,NW,6,,Madison fishing as angler #11 with baited shrimp flies,,FALSE
ANR0806250802,ANT05_25,ANR08062508,AN08,REF,Drift,1/0/1900,1/0/1900,1/0/1900,1/0/1900,0.263055556,0,0,-5,0,0,-0.083333333,4,4,,,4,12,3.073333333,37.18684006,-122.40736,1257,080625_1257,37.18228149,-122.40302,1282,080625_1282,636,KM,MS,,,56,2,69,63,4,10,,,0,0,34,3,8,NW,4,,Ben fishing as angler #11 on baited shrimp flies,,FALSE
ANR0806250803,ANT05_25,ANR08062508,AN08,REF,Drift,1/0/1900,1/0/1900,1/0/1900,1/0/1900,0.236944444,0,0,0,0,0,0,4,4,,,4,12,2.843333333,37.18682098,-122.40716,1283,080625_1283,37.18342972,-122.40496,1304,080625_1304,424,KM,MS,,,56,2,65,69,4,10,,,0,0,32,3,7,NW,4,,MLML science crew as angler #11 with baited shrimp flies,,FALSE
ANR0807250201,ANT06_25,ANR08072502,AN02,REF,Drift,1/0/1900,1/0/1900,1/0/1900,1/0/1900,0.166666667,0,0,0,0,0,0,4,4,,,4,12,2,37.23836899,-122.42845,1460,080725_1460,37.23622894,-122.42651,1466,080725_1466,293,KM,JT,,,54,2,58,50,4,12,,,0,0,9,3,6,NW,8,,,,FALSE
ANR0807250202,ANT06_25,ANR08072502,AN02,REF,Drift,1/0/1900,1/0/1900,1/0/1900,1/0/1900,0.166666667,0,0,0,0,0,0,4,4,,,4,12,2,37.2388916,-122.42598,1467,080725_1467,37.23706055,-122.42493,1469,080725_1469,223,KM/SC,JT,,,54,1,50,39,4,12,,,0,0,1,3,5,NW,7,,,,FALSE
ANR0807250203,ANT06_25,ANR08072502,AN02,REF,Drift,1/0/1900,1/0/1900,1/0/1900,1/0/1900,0.176388889,0,0,0,0,0,0,4,4,,,4,12,2.116666667,37.2381897,-122.42787,1470,080725_1470,37.23574066,-122.42609,1477,080725_1477,314,SC,MS,,,54,1,53,54,4,12,,,0,0,10,3,6,NW,8,,,,FALSE
ANR0807250301,ANT06_25,ANR08072503,AN03,REF,Drift,1/0/1900,1/0/1900,1/0/1900,1/0/1900,0.166666667,0,0,0,0,0,0,4,4,,,4,12,2,37.23159027,-122.42787,1415,080725_1415,37.22986984,-122.42612,1438,080725_1438,246,KM,JT,,,53,2,74,70,4,12,,,0,0,27,3,5,N,7,,,,FALSE
ANR0807250302,ANT06_25,ANR08072503,AN03,REF,Drift,1/0/1900,1/0/1900,1/0/1900,1/0/1900,0.166666667,0,0,0,0,0,0,4,4,,,4,12,2,37.23334885,-122.42776,1439,080725_1439,37.23192978,-122.4267,1448,080725_1448,183,KM,JT,,,53,1,58,71,4,12,,,0,0,9,3,5,N,7,,,,FALSE
ANR0807250303,ANT06_25,ANR08072503,AN03,REF,Drift,,,1/0/1900,1/0/1900,0.166666667,0,0,0,0,0,0,4,4,,,4,12,2,37.23168945,-122.42651,1449,080725_1449,37.22990036,-122.42489,1459,080725_1459,245,KM,JT,,,53,2,74,65,4,12,,,0,0,12,3,5,N,6,,,,FALSE
ANR0807250401,ANT06_25,ANR08072504,AN04,REF,Drift,1/0/1900,1/0/1900,1/0/1900,1/0/1900,0.166666667,0,-5,0,0,0,-0.083333333,4,4,,,4,12,1.916666667,37.22610092,-122.4243,1390,080725_1390,37.22443008,-122.42292,1400,080725_1400,222,KM,JT,,,52,2,70,38,4,10,,,0,0,11,3,5,N,7,,,,FALSE
ANR0807250402,ANT06_25,ANR08072504,AN04,REF,Drift,1/0/1900,1/0/1900,1/0/1900,1/0/1900,0.166666667,0,-1,0,0,0,-0.016666667,4,4,,,4,12,1.983333333,37.22526169,-122.4238,1401,080725_1401,37.22364044,-122.4225,1409,080725_1409,214,KM,JT,,,52,2,66,43,4,10,,,0,0,7,3,5,N,6,,,,FALSE
ANR0807250403,ANT06_25,ANR08072504,AN04,REF,Drift,1/0/1900,1/0/1900,1/0/1900,1/0/1900,0.166666667,0,-6,0,0,0,-0.1,4,4,,,4,12,1.9,37.22539902,-122.42384,1410,080725_1410,37.22370148,-122.42222,1414,080725_1414,237,KM,JT,,,52,2,65,50,4,12,,,0,0,4,3,5,N,7,,,,FALSE
ANR0807250701,ANT06_25,ANR08072507,AN07,REF,Drift,1/0/1900,1/0/1900,1/0/1900,1/0/1900,0.166666667,0,-6,-3,0,0,-0.15,4,4,,,4,12,1.85,37.19355011,-122.41243,1361,080725_1361,37.19161987,-122.41071,1369,080725_1369,263,KM,JT,,,52,2,70,54,4,10,,,0,0,9,3,7,N,7,,,,FALSE
ANR0807250702,ANT06_25,ANR08072507,AN07,REF,Drift,1/0/1900,1/0/1900,1/0/1900,1/0/1900,0.166666667,0,0,0,0,0,0,4,4,,,4,12,2,37.19355011,-122.41036,1370,080725_1370,37.19200134,-122.4091,1378,080725_1378,205,KM,JT,,,52,2,57,47,4,10,,,0,0,10,3,5,N,7,,,,FALSE
ANR0807250703,ANT06_25,ANR08072507,AN07,REF,Drift,1/0/1900,1/0/1900,1/0/1900,1/0/1900,0.183333333,0,0,0,0,0,0,4,4,,,4,12,2.2,37.19377899,-122.41004,1379,080725_1379,37.1921196,-122.40899,1389,080725_1389,206,KM,JT,,,52,3,46,30,4,10,,,0,0,14,3,6,N,7,,,,FALSE
FNM0819251001,FNT01_25,FNM08192510,FN10,MPA,Drift,1/0/1900,1/0/1900,1/0/1900,1/0/1900,0.25,0,-2,0,0,0,-0.033333333,3,3,,,3,9,2.216666667,37.70589066,-123.01348,1858,081925_1858,37.70561981,-123.01131,1871,081925_1871,194,KM,MS,,,58.5,2,87,84,4,10,,,0,0,18,1,8,W,4,,,,FALSE
FNM0819251002,FNT01_25,FNM08192510,FN10,MPA,Drift,1/0/1900,1/0/1900,1/0/1900,1/0/1900,0.25,0,0,0,0,0,0,3,3,,,3,9,2.25,37.70486832,-123.01403,1872,081925_1872,37.70462036,-123.01189,1887,081925_1887,191,KM,MS,,,58.4,2,70,65,4,10,,,0,0,23,0,9,W,3,,,,FALSE
FNM0819251003,FNT01_25,FNM08192510,FN10,MPA,Drift,1/0/1900,1/0/1900,1/0/1900,1/0/1900,0.25,0,-2,0,0,0,-0.033333333,3,3,,,3,9,2.216666667,37.70661926,-123.01369,1888,081925_1888,37.70605087,-123.0112,1903,081925_1903,228,KM,MS,,,58,2,97,88,4,10,,,0,5,22,0,9,W,3,,,,FALSE
FNM0819251301,FNT01_25,FNM08192513,FN13,MPA,Drift,1/0/1900,1/0/1900,1/0/1900,1/0/1900,0.25,0,0,0,0,0,0,3,3,,,3,9,2.25,37.69453049,-123.03091,1824,081925_1824,37.6948204,-123.02942,1836,081925_1836,135,KM,SP,,,59,2,148,137,4,10,,,0,0,17,1,7,W,3,,,,FALSE
FNM0819251302,FNT01_25,FNM08192513,FN13,MPA,Drift,1/0/1900,1/0/1900,1/0/1900,1/0/1900,0.25,0,-1,-1,0,0,-0.033333333,3,3,,,3,9,2.216666667,37.69356918,-123.02898,1837,081925_1837,37.69499969,-123.02741,1844,081925_1844,211,KM,SP,,,58,2,138,122,4,10,,,0,0,7,1,6,W,3,,,,FALSE
FNM0819251303,FNT01_25,FNM08192513,FN13,MPA,Drift,1/0/1900,1/0/1900,1/0/1900,1/0/1900,0.233333333,0,0,-2,0,0,-0.033333333,3,3,,,3,9,2.066666667,37.69630051,-123.02831,1845,081925_1845,37.69705963,-123.02653,1857,081925_1857,178,KM,SP,,,59,2,132,109,4,10,,,0,0,13,1,8,W,4,,,,FALSE
FNM0909251401,FNT02_25,FNM09092514,FN14,MPA,Drift,1/0/1900,1/0/1900,1/0/1900,1/0/1900,0.230277778,0,0,0,0,0,0,4,3,,,4,11,2.533055556,37.6893692,-123.02637,1904,090925_1904,37.69253922,-123.02717,1920,090925_1920,359,JT,SP,,,61.3,1,128,125,4,10,,,0,0,46,3,5,,3,,,,FALSE
FNM0909251402,FNT02_25,FNM09092514,FN14,MPA,Drift,1/0/1900,1/0/1900,1/0/1900,1/0/1900,0.266666667,0,0,-1.5,0,0,-0.025,4,3,,,4,11,2.908333333,37.68825912,-123.02666,1921,090925_1921,37.69152069,-123.02801,1935,090925_1935,381,JT,SP,,,61.4,2,147,130,4,10,,,0,0,37,3,5,NW,3,,,,FALSE
FNM0909251403,FNT02_25,FNM09092514,FN14,MPA,Drift,1/0/1900,1/0/1900,1/0/1900,1/0/1900,0.25,-2,0,-2.5,0,0,-0.075,4,3,,,4,11,2.675,37.68822861,-123.02763,1936,090925_1936,37.69147873,-123.02888,1949,090925_1949,377,JT,SP,,,61.4,2,150,137,4,10,,,0,1,41,1,5,,3,,,,FALSE
FNM0909251601,FNT02_25,FNM09092516,FN16,MPA,Drift,1/0/1900,1/0/1900,1/0/1900,1/0/1900,0.258333333,-2,0,0,0,0,-0.033333333,4,3,,,4,11,2.808333333,37.68804932,-123.01643,1979,090925_1979,37.68920898,-123.0171,1984,090925_1984,142,JT,SP,,,60.9,2,124,103,4,10,,,0,0,10,1,5,,3,,,,FALSE
FNM0909251602,FNT02_25,FNM09092516,FN16,MPA,Drift,1/0/1900,1/0/1900,1/0/1900,1/0/1900,0.25,-3,0,0,0,0,-0.05,4,3,,,4,11,2.7,37.68881989,-123.01537,1985,090925_1985,37.69002914,-123.01575,1994,090925_1994,138,JT,SP,,,61.2,2,115,99,4,10,,,0,0,10,3,7,,3,,,,FALSE
FNM0909251603,FNT02_25,FNM09092516,FN16,MPA,Drift,1/0/1900,1/0/1900,1/0/1900,1/0/1900,0.25,-10,0,0,0,0,-0.166666667,4,3,,,4,11,2.583333333,37.68901825,-123.01646,1995,090925_1995,37.69052887,-123.01693,3,090925_3,173,JT,SP,,,60.8,3,114,90,4,10,,,0,0,14,3,7,,3,,,,FALSE
FNM0909251701,FNT02_25,FNM09092517,FN17,MPA,Drift,1/0/1900,1/0/1900,1/0/1900,1/0/1900,0.25,0,0,-1,0,0,-0.016666667,4,3,,,4,11,2.733333333,37.68360901,-123.02197,1950,090925_1950,37.68624878,-123.02227,1960,090925_1960,294,JT,SP,,,60.7,2,157,148,4,10,,,0,0,26,2,5,,3,,,,FALSE
FNM0909251702,FNT02_25,FNM09092517,FN17,MPA,Drift,1/0/1900,1/0/1900,1/0/1900,1/0/1900,0.25,0,0,0,0,0,0,4,3,,,4,11,2.75,37.68363953,-123.02336,1961,090925_1961,37.68675995,-123.02338,1967,090925_1967,346,JT,SP,,,60.7,3,110,151,4,10,,,0,0,16,1,3,,5,,,,FALSE
FNM0909251703,FNT02_25,FNM09092517,FN17,MPA,Drift,1/0/1900,1/0/1900,1/0/1900,1/0/1900,0.235,0,0,0,0,0,0,4,3,,,4,11,2.585,37.68373871,-123.02514,1968,090925_1968,37.68629074,-123.02525,1978,090925_1978,283,JT,SP,,,60.4,2,166,160,4,10,,,0,0,42,1,5,,3,,,,FALSE
FNM0909252201,FNT02_25,FNM09092522,FN22,MPA,Drift,1/0/1900,1/0/1900,1/0/1900,1/0/1900,0.25,0,-4,-4,0,0,-0.133333333,4,3,,,4,11,2.616666667,37.68394852,-122.99525,4,090925_4,37.68585968,-122.99323,22,090925_22,277,JT,SP,,,59.8,2,110,106,4,10,,,0,0,61,3,7,NW,4,,,,FALSE
FNM0909252202,FNT02_25,FNM09092522,FN22,MPA,Drift,1/0/1900,1/0/1900,1/0/1900,1/0/1900,0.25,-2,-1,-2,0,0,-0.083333333,4,3,,,4,11,2.666666667,37.68460846,-122.99696,23,090925_23,37.68606949,-122.99547,33,090925_33,209,JT,SP,,,59.5,2,106,103,4,10,,,0,0,24,3,7,,4,,,,FALSE
FNM0909252203,FNT02_25,FNM09092522,FN22,MPA,Drift,1/0/1900,1/0/1900,1/0/1900,1/0/1900,0.25,-1,-4,-2,0,0,-0.116666667,4,3,,,4,11,2.633333333,37.68645096,-122.99616,34,090925_34,37.6878891,-122.99395,44,090925_44,252,JT,SP,,,59.5,3,113,76,4,10,,,0,0,18,3,6,,4,,,,FALSE
FNM0910251901,FNT03_25,FNM09102519,FN19,MPA,Drift,1/0/1900,1/0/1900,1/0/1900,1/0/1900,0.25,0,0,0,0,0,0,3,3,,,4,10,2.5,37.67943954,-123.01033,231,091025_231,37.68041992,-123.00938,249,091025_249,137,KN,SP,,,60.5,2,151,142,4,10,,,0,0,25,2,4,SE,2,,Sea Wolf crew fishing as angler #4 on lingcod bar,,FALSE
FNM0910251902,FNT03_25,FNM09102519,FN19,MPA,Drift,1/0/1900,1/0/1900,1/0/1900,1/0/1900,0.25,0,0,0,0,0,0,3,3,,,4,10,2.5,37.68058014,-123.01009,250,091025_250,37.68143845,-123.00901,263,091025_263,135,KN,SP,,,60.8,1,147,137,4,10,,,0,0,24,2,4,SE,2,,Sea Wolf crew fishing as angler #4 on lingcod bar,,FALSE
FNM0910251903,FNT03_25,FNM09102519,FN19,MPA,Drift,1/0/1900,1/0/1900,1/0/1900,1/0/1900,0.25,0,0,0,0,0,0,3,3,,,3,9,2.25,37.67913055,-123.00809,265,091025_265,37.6800499,-123.00729,274,091025_274,124,KN,SP,,,57,3,157,151,4,10,,,0,0,21,2,5,SE,2,,,,FALSE
FNM0910252201,FNT03_25,FNM09102522,FN22,MPA,Drift,1/0/1900,1/0/1900,1/0/1900,1/0/1900,0.25,0,0,0,0,0,0,3,3,,,4,10,2.5,37.6847496,-122.99689,275,091025_275,37.68619919,-122.99488,284,091025_284,239,JT,SP,,,60.6,2,120,107,4,10,,,0,0,18,2,5,SE,2,,Sea Wolf crew fishing as angler #4 on lingcod bar,,FALSE
FNM0910252202,FNT03_25,FNM09102522,FN22,MPA,Drift,1/0/1900,1/0/1900,1/0/1900,1/0/1900,0.25,0,0,0,0,0,0,3,3,,,4,10,2.5,37.68561935,-122.99727,285,091025_285,37.68677902,-122.99506,301,091025_301,234,JT,SP,,,60.7,2,125,65,4,10,,,0,0,33,2,5,SE,2,,Sea Wolf crew fishing as angler #4 on lingcod bar,,FALSE
FNM0910252203,FNT03_25,FNM09102522,FN22,MPA,Drift,1/0/1900,1/0/1900,1/0/1900,1/0/1900,0.25,0,0,0,0,0,0,3,3,,,4,10,2.5,37.68606949,-122.99751,302,091025_302,37.68700027,-122.99522,315,091025_315,227,JT,SP,,,60.8,2,117,75,4,10,,,0,1,28,2,5,SE,2,,Sea Wolf crew fishing as angler #4 on lingcod bar,,FALSE
FNM0917251201,FNT05_25,FNM09172512,FN12,MPA,Hold,1/0/1900,1/0/1900,1/0/1900,1/0/1900,0.25,0,0,0,0,0,0,3,3,,,4,10,2.5,37.69903183,-122.99697,659,091725_659,37.69916153,-122.99438,667,091725_667,229,KM,JT,,,60.9,2,54,93,4,10,,,0,9,8,3,8,NW,3,,,,FALSE
FNM0917251202,FNT05_25,FNM09172512,FN12,MPA,Hold,1/0/1900,1/0/1900,1/0/1900,1/0/1900,0.25,0,0,0,0,0,0,3,1,,,4,8,2,37.70074844,-122.99529,668,091725_668,37.69966125,-122.99456,674,091725_674,137,KM,JT,,,61.5,2,49,87,4,10,,,0,0,24,3,7,NW,2,,No number 6 and 8,,FALSE
FNM0917251203,FNT05_25,FNM09172512,FN12,MPA,Hold,1/0/1900,1/0/1900,1/0/1900,1/0/1900,0.25,0,0,-0.5,0,0,-0.008333333,3,1,,,4,8,1.991666667,37.70277023,-122.99379,675,091725_675,37.70201874,-122.9938,684,091725_684,83,KM,JT,,,61.9,3,41,92,4,10,,,0,0,34,3,6,NW,2,,No number 6 and 8,,FALSE
FNM0917251301,FNT05_25,FNM09172513,FN13,MPA,Hold,1/0/1900,1/0/1900,1/0/1900,1/0/1900,0.25,0,-2,0,0,0,-0.033333333,3,2,,,4,9,2.216666667,37.69348907,-123.02998,554,091725_554,37.69554901,-123.02798,569,091725_569,289,KM,JT,,,61.6,2,150,124,4,10,,,0,0,22,3,8,NW,3,,No number 8,,FALSE
FNM0917251302,FNT05_25,FNM09172513,FN13,MPA,Hold,1/0/1900,1/0/1900,1/0/1900,1/0/1900,0.251388889,0,0,0,0,0,0,3,2,,,4,9,2.2625,37.69475937,-123.02854,570,091725_570,37.6960907,-123.02797,590,091725_590,156,KM,JT,,,61.6,2,133,123,4,10,,,0,0,36,3,7,NW,3,,No number 8,,FALSE
FNM0917251303,FNT05_25,FNM09172513,FN13,MPA,Hold,1/0/1900,1/0/1900,1/0/1900,1/0/1900,0.25,0,0,0,0,0,0,3,1,,,4,8,2,37.69509125,-123.02773,591,091725_591,37.69691086,-123.02749,601,091725_601,203,KM,JT,,,61.9,2,129,117,4,10,,,0,0,14,3,7,NW,4,,No number 6 and 8,,FALSE
FNM0917251401,FNT05_25,FNM09172514,FN14,MPA,Hold,1/0/1900,1/0/1900,1/0/1900,1/0/1900,0.25,0,0,0,0,0,0,3,3,,,4,10,2.5,37.69165039,-123.0291,482,091725_482,37.69203186,-123.02818,514,091725_514,91,KM,JT,,,61.5,1,135,135,4,10,,,0,0,38,3,7,NW,4,,,,FALSE
FNM0917251402,FNT05_25,FNM09172514,FN14,MPA,Hold,1/0/1900,1/0/1900,1/0/1900,1/0/1900,0.25,0,0,0,0,0,0,3,3,,,4,10,2.5,37.69047928,-123.02875,515,091725_515,37.6913681,-123.0277,532,091725_532,135,KM,JT,,,61.6,1,142,129,4,10,,,0,0,21,1,7,NW,4,,,,FALSE
FNM0917251403,FNT05_25,FNM09172514,FN14,MPA,Hold,1/0/1900,1/0/1900,1/0/1900,1/0/1900,0.255833333,0,0,0,0,0,0,3,3,,,4,10,2.558333333,37.68944931,-123.02843,533,091725_533,37.6908989,-123.0274,553,091725_553,185,KM,JT,,,61.6,2,146,133,4,10,,,0,0,31,3,8,NW,3,,,,FALSE
FNM0917252101,FNT05_25,FNM09172521,FN21,MPA,Hold,1/0/1900,1/0/1900,1/0/1900,1/0/1900,0.25,0,0,0,0,0,0,3,2,,,4,9,2.25,37.68592072,-123.00121,602,091725_602,37.68659973,-122.99971,629,091725_629,152,KM,JT,,,61.6,3,108,92,4,10,,,0,19,33,3,6,NW,2,,No number  8,,FALSE
FNM0917252102,FNT05_25,FNM09172521,FN21,MPA,Hold,1/0/1900,1/0/1900,1/0/1900,1/0/1900,0.25,0,0,0,0,0,0,3,2,,,4,9,2.25,37.68619919,-123.00124,630,091725_630,37.68716049,-122.99883,647,091725_647,238,KM,JT,,,61.6,3,104,91,4,10,,,0,0,23,3,6,NW,1,,No number 8,,FALSE
FNM0917252103,FNT05_25,FNM09172521,FN21,MPA,Hold,1/0/1900,1/0/1900,1/0/1900,1/0/1900,0.25,0,0,0,0,0,0,3,2,,,4,9,2.25,37.68569946,-123.00071,648,091725_648,37.6873703,-122.99833,658,091725_658,280,KM,JT,,,61.5,3,108,86,4,10,,,0,0,16,3,8,NW,2,,No number 8,,FALSE
FNR0819250101,FNT01_25,FNR08192501,FN01,REF,Drift,1/0/1900,1/0/1900,1/0/1900,1/0/1900,0.25,0,0,0,0,0,0,3,3,,,3,9,2.25,37.73181915,-123.0388,1734,081925_1734,37.73202133,-123.03741,1753,081925_1753,125,KM,JT,,,58,3,138,116,4,10,,,0,0,37,1,9,W,4,,,,FALSE
FNR0819250102,FNT01_25,FNR08192501,FN01,REF,Drift,1/0/1900,1/0/1900,1/0/1900,1/0/1900,0.25,0,0,0,0,0,0,3,3,,,3,9,2.25,37.73365021,-123.0394,1754,081925_1754,37.73336029,-123.03799,1764,081925_1764,128,KM,JT,,,58,3,140,136,4,10,,,0,0,20,1,9,W,4,,,,FALSE
FNR0819250103,FNT01_25,FNR08192501,FN01,REF,Drift,1/0/1900,1/0/1900,1/0/1900,1/0/1900,0.25,0,0,0,0,0,0,3,3,,,3,9,2.25,37.73358917,-123.03697,1765,081925_1765,37.73358917,-123.03596,1781,081925_1781,89,KM,JT,,,58.2,3,137,106,4,10,,,0,0,50,1,9,W,4,,,,FALSE
FNR0819250601,FNT01_25,FNR08192506,FN06,REF,Drift,1/0/1900,1/0/1900,1/0/1900,1/0/1900,0.25,0,-1,0,0,0,-0.016666667,3,3,,,3,9,2.233333333,37.72243118,-123.03519,1782,081925_1782,37.72261047,-123.03384,1796,081925_1796,121,KM,JT,,,58.4,2,64,104,4,10,,,0,14,32,1,8,W,4,,,,FALSE
FNR0819250602,FNT01_25,FNR08192506,FN06,REF,Drift,1/0/1900,1/0/1900,1/0/1900,1/0/1900,0.25,0,0,0,0,0,0,3,3,,,3,9,2.25,37.72190094,-123.03346,1797,081925_1797,37.72222137,-123.03181,1807,081925_1807,150,KM,JT,,,58.5,1,121,104,4,10,,,0,8,10,1,6,W,3,,,,FALSE
FNR0819250603,FNT01_25,FNR08192506,FN06,REF,Drift,1/0/1900,1/0/1900,1/0/1900,1/0/1900,0.25,0,-4,0,0,0,-0.066666667,3,3,,,3,9,2.183333333,37.72005081,-123.03487,1808,081925_1808,37.72029114,-123.03292,1823,081925_1823,174,KM,SP,,,58.6,2,61,108,4,10,,,0,0,18,1,7,W,4,,,,FALSE
FNR0910250301,FNT03_25,FNR09102503,FN03,REF,Drift,1/0/1900,1/0/1900,1/0/1900,1/0/1900,0.25,0,-1,0,0,0,-0.016666667,3,3,,,3,9,2.233333333,37.72377014,-123.04583,45,091025_45,37.72546005,-123.04552,64,091025_64,189,KM,SP,,,61.2,3,133,138,4,10,,,0,0,26,2,4,SE,2,,,,FALSE
FNR0910250302,FNT03_25,FNR09102503,FN03,REF,Drift,1/0/1900,1/0/1900,1/0/1900,1/0/1900,0.250555556,0,-4,0,0,0,-0.066666667,3,3,,,3,9,2.188333333,37.72312927,-123.04713,65,091025_65,37.72489166,-123.04611,91,091025_91,215,KM,SP,,,60.6,3,131,117,4,10,,,0,0,32,2,4,SE,3,,,,FALSE
FNR0910250303,FNT03_25,FNR09102503,FN03,REF,Drift,1/0/1900,1/0/1900,1/0/1900,1/0/1900,0.249444444,-5,0,0,0,0,-0.083333333,3,3,,,4,10,2.411111111,37.72378922,-123.04819,92,091025_92,37.72584915,-123.04572,172,091025_172,316,KM,SP,,,59.8,2,160,144,4,10,,,0,0,39,2,5,SE,2,,Jake fishing as angler #4 on lingcod bar,,FALSE
FNR0910250901,FNT03_25,FNR09102509,FN09,REF,Drift,1/0/1900,1/0/1900,1/0/1900,1/0/1900,0.25,-2,0,0,0,0,-0.033333333,3,3,,,4,10,2.466666667,37.71643066,-123.03474,173,091025_173,37.71846008,-123.03305,199,091025_199,270,KM,SP,,,60.8,2,102,65,4,10,,,0,0,29,2,6,SE,2,,Jake fishing as angler #4 on lingcod bar,,FALSE
FNR0910250902,FNT03_25,FNR09102509,FN09,REF,Drift,1/0/1900,1/0/1900,1/0/1900,1/0/1900,0.251111111,-8,0,0,0,0,-0.133333333,3,3,,,4,10,2.377777778,37.71557999,-123.03384,200,091025_200,37.71786118,-123.03146,216,091025_216,329,KM,SP,,,60.8,3,112,81,4,10,,,0,0,17,2,5,SE,3,,Jake fishing as angler #4 on lingcod bar,,FALSE
FNR0910250903,FNT03_25,FNR09102509,FN09,REF,Drift,1/0/1900,1/0/1900,1/0/1900,1/0/1900,0.248888889,0,-2,0,0,0,-0.033333333,3,3,,,3,9,2.206666667,37.71615982,-123.03503,217,091025_217,37.71857834,-123.03228,230,091025_230,362,KM,SP,,,60.8,2,111,81,4,10,,,0,0,20,2,4,SE,2,,,,FALSE
FNR0911250201,FNT04_25,FNR09112502,FN02,REF,Drift,1/0/1900,1/0/1900,1/0/1900,1/0/1900,0.25,0,0,-6,0,0,-0.1,4,3,,,4,11,2.65,37.72613144,-123.04186,450,091125_450,37.72565842,-123.04026,458,091125_458,150,JT,KM,,,61.5,2,129,124,4,10,,,0,4,24,1,7,W,4,,,,FALSE
FNR0911250202,FNT04_25,FNR09112502,FN02,REF,Drift,1/0/1900,1/0/1900,1/0/1900,1/0/1900,0.25,0,0,-2.5,0,0,-0.041666667,4,3,,,4,11,2.708333333,37.72753906,-123.0417,459,091125_459,37.72703171,-123.03967,472,091125_472,188,JT,JG,,,61.7,2,139,125,4,10,,,0,0,51,1,7,W,4,,,,FALSE
FNR0911250203,FNT04_25,FNR09112502,FN02,REF,Drift,1/0/1900,1/0/1900,1/0/1900,1/0/1900,0.25,0,0,0,0,0,0,4,3,,,4,11,2.75,37.72858047,-123.04213,473,091125_473,37.72753906,-123.04019,481,091125_481,206,JT,JG,,,61.6,2,153,125,4,10,,,0,0,21,1,7,W,4,,,,FALSE
FNR0911250401,FNT04_25,FNR09112504,FN04,REF,Drift,1/0/1900,1/0/1900,1/0/1900,1/0/1900,0.25,0,0,0,0,0,0,4,3,,,4,11,2.75,37.71884918,-123.04771,420,091125_420,37.71912003,-123.04597,428,091125_428,156,JT,SC,,,61.5,2,160,144,4,10,,,0,0,13,2,7,,4,,,,FALSE
FNR0911250402,FNT04_25,FNR09112504,FN04,REF,Drift,1/0/1900,1/0/1900,1/0/1900,1/0/1900,0.25,0,0,0,0,0,0,4,3,,,4,11,2.75,37.72055054,-123.0468,429,091125_429,37.72106171,-123.04462,438,091125_438,200,JT,SC,,,61.5,2,144,122,4,10,,,0,0,35,1,7,W,4,,Station swap of anglers #11 and #1 (Dave and Chris) for the rest of the trip,,FALSE
FNR0911250403,FNT04_25,FNR09112504,FN04,REF,Drift,1/0/1900,1/0/1900,1/0/1900,1/0/1900,0.25,0,0,0,0,0,0,4,3,,,4,11,2.75,37.7208519,-123.04566,440,091125_440,37.72101974,-123.04289,449,091125_449,245,JT,SC,,,60.8,2,130,119,4,10,,,0,0,23,1,7,,4,,,,FALSE
FNR0911250501,FNT04_25,FNR09112505,FN05,REF,Drift,1/0/1900,1/0/1900,1/0/1900,1/0/1900,0.25,0,0,-2,0,0,-0.033333333,4,3,,,4,11,2.716666667,37.72219086,-123.0411,384,091125_384,37.72232056,-123.03914,393,091125_393,173,JT,SC,,,60.4,3,105,84,4,10,,,0,0,23,2,8,W,4,,,,FALSE
FNR0911250502,FNT04_25,FNR09112505,FN05,REF,Drift,1/0/1900,1/0/1900,1/0/1900,1/0/1900,0.269166667,0,-1,0,0,0,-0.016666667,4,3,,,4,11,2.944166667,37.72000885,-123.04011,394,091125_394,37.72016907,-123.03803,410,091125_410,184,JT,SC,,,61,3,94,74,4,10,,,0,0,35,2,8,,4,,,,FALSE
FNR0911250503,FNT04_25,FNR09112505,FN05,REF,Drift,1/0/1900,1/0/1900,1/0/1900,1/0/1900,0.233333333,0,0,-1,0,0,-0.016666667,4,3,,,4,11,2.55,37.72024918,-123.04131,411,091125_411,37.72024918,-123.03913,419,091125_419,192,JT,SC,,,61,3,110,80,4,10,,,0,0,19,2,7,W,4,,,,FALSE
FNR0911250601,FNT04_25,FNR09112506,FN06,REF,Drift,1/0/1900,1/0/1900,1/0/1900,1/0/1900,0.25,0,0,0,0,0,0,4,3,,,4,11,2.75,37.72129059,-123.03466,316,091125_316,37.7209816,-123.03333,342,091125_342,122,KM,SP,,,61.2,1,105,108,4,10,,,0,0,29,1,7,W,4,,,,FALSE
FNR0911250602,FNT04_25,FNR09112506,FN06,REF,Drift,1/0/1900,1/0/1900,1/0/1900,1/0/1900,0.250277778,0,0,0,0,0,0,4,3,,,4,11,2.753055556,37.72211838,-123.0351,343,091125_343,37.72200012,-123.03333,368,091125_368,157,KM,SC,,,61.2,2,75,98,4,10,,,0,0,31,2,8,W,4,,,,FALSE
FNR0911250603,FNT04_25,FNR09112506,FN06,REF,Drift,1/0/1900,1/0/1900,1/0/1900,1/0/1900,0.269444444,0,0,0,0,0,0,4,3,,,4,11,2.963888889,37.72354889,-123.03405,369,091125_369,37.72378922,-123.03237,383,091125_383,150,KM,SC,,,61.4,1,116,98,4,10,,,0,0,17,2,7,W,5,,,,FALSE
FNR1008250401,FNT06_25,FNR10082504,FN04,REF,Drift,1/0/1900,1/0/1900,1/0/1900,1/0/1900,0.25,0,0,0,0,0,0,3,3,,,3,9,2.25,37.71837997,-123.04483,745,100825_745,37.72061157,-123.04335,763,100825_763,280,KM,JT,,,60.6,3,141,122,4,10,,,0,0,38,2,6,NW,2,,,,FALSE
FNR1008250402,FNT06_25,FNR10082504,FN04,REF,Drift,1/0/1900,1/0/1900,1/0/1900,1/0/1900,0.25,1,0,0,0,0,0.016666667,3,3,,,3,9,2.266666667,37.71879959,-123.04413,764,100825_764,37.7209816,-123.04348,782,100825_782,249,KM,JT,,,60.6,2,128,122,4,10,,,0,1,22,2,7,NW,2,,,,FALSE
FNR1008250403,FNT06_25,FNR10082504,FN04,REF,Drift,1/0/1900,1/0/1900,1/0/1900,1/0/1900,0.25,-1,0,0,0,0,-0.016666667,3,3,,,3,9,2.233333333,37.71857071,-123.04306,783,100825_783,37.72021866,-123.04329,807,100825_807,184,KM,JT,,,60.7,2,128,122,4,10,,,0,0,31,2,6,NW,2,,,,FALSE
FNR1008250501,FNT06_25,FNR10082505,FN05,REF,Drift,1/0/1900,1/0/1900,1/0/1900,1/0/1900,0.25,0,0,0,0,0,0,3,3,,,3,9,2.25,37.71868896,-123.0399,685,100825_685,37.72040939,-123.03701,705,100825_705,318,KM,JT,,,60.7,3,89,78,4,10,,,0,0,22,2,6,NW,1,,,,FALSE
FNR1008250502,FNT06_25,FNR10082505,FN05,REF,Drift,1/0/1900,1/0/1900,1/0/1900,1/0/1900,0.237777778,0,0,0,0,0,0,3,3,,,3,9,2.14,37.71926117,-123.04097,706,100825_706,37.72108841,-123.03876,726,100825_726,281,KM,JT,,,60.5,3,109,90,4,10,,,0,0,23,2,6,NW,1,,,,FALSE
FNR1008250503,FNT06_25,FNR10082505,FN05,REF,Drift,1/0/1900,1/0/1900,1/0/1900,1/0/1900,0.254444444,0,-2,0,0,0,-0.033333333,3,3,,,3,9,2.256666667,37.72006989,-123.04114,727,100825_727,37.72169113,-123.03919,744,100825_744,249,KM,JT,,,60.5,3,109,94,4,10,,,0,0,19,2,2,NW,2,,,,FALSE
FNR1008250701,FNT06_25,FNR10082507,FN07,REF,Drift,1/0/1900,1/0/1900,1/0/1900,1/0/1900,0.25,0,0,0,0,0,0,3,3,,,3,9,2.25,37.71348953,-123.04604,808,100825_808,37.71532059,-123.04607,836,100825_836,203,KM,JT,,,60.9,2,157,140,4,10,,,0,0,47,2,5,NW,2,,,,FALSE
FNR1008250702,FNT06_25,FNR10082507,FN07,REF,Drift,1/0/1900,1/0/1900,1/0/1900,1/0/1900,0.25,0,0,0,0,0,0,3,3,,,3,9,2.25,37.71305847,-123.04532,837,100825_837,37.71472931,-123.04563,852,100825_852,187,KM,JT,,,60,2,161,141,4,10,,,0,0,38,2,6,NW,2,,,,FALSE
FNR1008250703,FNT06_25,FNR10082507,FN07,REF,Drift,1/0/1900,1/0/1900,1/0/1900,1/0/1900,0.25,0,0,0,0,0,0,3,3,,,3,9,2.25,37.71261978,-123.04501,853,100825_853,37.71511078,-123.04526,870,100825_870,277,KM,JT,,,60.9,2,158,125,4,10,,,0,0,36,2,7,NW,2,,,,FALSE
FNR1008250901,FNT06_25,FNR10082509,FN09,REF,Drift,1/0/1900,1/0/1900,1/0/1900,1/0/1900,0.25,0,0,0,0,0,0,3,3,,,3,9,2.25,37.715271,-123.03365,871,100825_871,37.71818924,-123.03427,889,100825_889,328,KM,JT,,,61,2,115,75,4,10,,,0,0,23,2,9,NW,2,,,,FALSE
FNR1008250902,FNT06_25,FNR10082509,FN09,REF,Drift,1/0/1900,1/0/1900,1/0/1900,1/0/1900,0.25,0,0,0,0,0,0,3,3,,,3,9,2.25,37.71541977,-123.03227,890,100825_890,37.71833038,-123.03337,905,100825_905,337,KM,JT,,,61.1,2,106,61,4,10,,,0,0,22,2,9,NW,2,,,,FALSE
FNR1008250903,FNT06_25,FNR10082509,FN09,REF,Drift,1/0/1900,1/0/1900,1/0/1900,1/0/1900,0.25,0,0,0,0,0,0,3,3,,,3,9,2.25,37.71520996,-123.03333,906,100825_906,37.71796036,-123.03476,929,100825_929,330,KM,JT,,,60.1,2,106,71,4,10,,,0,0,33,2,10,NW,2,,,,FALSE
PLM0722251001,PLT01_25,PLM07222510,PL10,MPA,Drift,1/0/1900,1/0/1900,1/0/1900,1/0/1900,0.081666667,0,0,-1,0,0,-0.016666667,4,4,,,4,12,0.963333333,36.50790024,-121.94691,493,072225_493,36.50786972,-121.9469,495,072225_495,4,MS,JT,,,55.2,2,78,55,4,10,,,0,0,33,2,5,NW,3,,,,FALSE
PLM0722251002,PLT01_25,PLM07222510,PL10,MPA,Drift,1/0/1900,1/0/1900,1/0/1900,1/0/1900,0.128333333,0,0,0,0,0,0,4,4,,,4,12,1.54,36.50799942,-121.94733,496,072225_496,36.50791931,-121.94583,501,072225_501,135,MS,JT,,,55,2,90,24,4,10,,,0,0,26,2,5,NW,3,,,,FALSE
PLM0722251003,PLT01_25,PLM07222510,PL10,MPA,Drift,1/0/1900,1/0/1900,1/0/1900,1/0/1900,0.246944444,0,0,0,0,0,0,4,4,,,4,12,2.963333333,36.51054001,-121.94961,502,072225_502,36.51108932,-121.94751,510,072225_510,198,MS,SP,,,54.8,1,129,80,4,10,,,0,0,131,2,5,NW,3,,,,FALSE
PLM0722251004,PLT01_25,PLM07222510,PL10,MPA,Drift,1/0/1900,1/0/1900,1/0/1900,1/0/1900,0.25,0,-3,0,0,0,-0.05,4,4,,,4,12,2.95,36.5103302,-121.9498,511,072225_511,36.51052856,-121.9487,536,072225_536,101,CD,SP,,,54.9,2,122,91,4,10,,,0,0,67,2,5,NW,3,,,,FALSE
PLM0722251101,PLT01_25,PLM07222511,PL11,MPA,Drift,1/0/1900,1/0/1900,1/0/1900,1/0/1900,0.25,0,-12,0,0,0,-0.2,4,4,,,4,12,2.8,36.48971939,-121.95069,427,072225_427,36.49293137,-121.95075,449,072225_449,356,KM,JT,,,54.9,2,91,135,4,10,,,0,0,127,2,5,NW,4,,,,FALSE
PLM0722251102,PLT01_25,PLM07222511,PL11,MPA,Drift,1/0/1900,1/0/1900,1/0/1900,1/0/1900,0.25,0,0,0,0,0,0,4,4,,,4,12,3,36.48918152,-121.95024,450,072225_450,36.4922905,-121.95016,470,072225_470,345,KM,JT,,,54.8,2,90,116,4,10,,,0,0,107,2,6,NW,3,,,,FALSE
PLM0722251103,PLT01_25,PLM07222511,PL11,MPA,Drift,1/0/1900,1/0/1900,1/0/1900,1/0/1900,0.224444444,0,0,0,0,0,0,4,4,,,4,12,2.693333333,36.48863983,-121.95175,471,072225_471,36.49140167,-121.95154,491,072225_491,307,KM,JT,,,55.1,2,87,113,4,10,,,0,0,137,2,6,NW,3,,,,FALSE
PLM0723250701,PLT02_25,PLM07232507,PL07,MPA,Drift,1/0/1900,1/0/1900,1/0/1900,1/0/1900,0.25,0,0,0,0,0,0,3,3,,,3,9,2.25,36.52524185,-121.95192,666,072325_666,36.52565002,-121.95093,687,072325_687,100,JT,CD,,,56.1,3,103,136,4,4,,,0,1,42,0,1,,2,,,,FALSE
PLM0723250702,PLT02_25,PLM07232507,PL07,MPA,Drift,1/0/1900,1/0/1900,1/0/1900,1/0/1900,0.25,0,0,0,0,0,0,3,3,,,3,9,2.25,36.52555084,-121.95467,688,072325_688,36.52552032,-121.95345,708,072325_708,109,JT,SP,,,56.4,3,130,92,4,4,,,0,1,78,0,1,,2,,,,FALSE
PLM0723250703,PLT02_25,PLM07232507,PL07,MPA,Drift,1/0/1900,1/0/1900,1/0/1900,1/0/1900,0.25,0,0,0,0,0,0,3,3,,,3,9,2.25,36.52643967,-121.95124,710,072325_710,36.5259285,-121.95031,735,072325_735,101,JT,MS,,,57.1,3,118,121,4,4,,,0,0,80,0,2,,2,,,,FALSE
PLM0723250901,PLT02_25,PLM07232509,PL09,MPA,Drift,1/0/1900,1/0/1900,1/0/1900,1/0/1900,0.25,0,0,0,0,0,0,3,3,,,3,9,2.25,36.51274109,-121.95312,639,072325_639,36.51395035,-121.95338,647,072325_647,136,MS,CD,,,54.9,1,109,88,4,4,,,0,0,100,1,2,NW,2,,,,FALSE
PLM0723250902,PLT02_25,PLM07232509,PL09,MPA,Drift,1/0/1900,1/0/1900,1/0/1900,1/0/1900,0.25,0,0,0,0,0,0,3,3,,,3,9,2.25,36.51237869,-121.95382,648,072325_648,36.51364899,-121.954,654,072325_654,142,MS,CD,,,55,1,130,111,4,4,,,0,0,30,0,2,NW,2,,,,FALSE
PLM0723250903,PLT02_25,PLM07232509,PL09,MPA,Drift,1/0/1900,1/0/1900,1/0/1900,1/0/1900,0.25,0,0,0,0,0,0,3,3,,,3,9,2.25,36.51163101,-121.95506,655,072325_655,36.51290131,-121.9552,665,072325_665,141,MS,CD,,,55.7,3,140,128,4,4,,,0,30,108,1,2,NW,0,,,,FALSE
PLM0723251101,PLT02_25,PLM07232511,PL11,MPA,Drift,1/0/1900,1/0/1900,1/0/1900,1/0/1900,0.25,0,0,0,0,0,0,3,3,,,3,9,2.25,36.48983002,-121.95098,611,072325_611,36.49185944,-121.95107,618,072325_618,225,MS,JT,,,54.7,3,89,125,4,4,,,0,0,150,0,1,,2,,,,FALSE
PLM0723251102,PLT02_25,PLM07232511,PL11,MPA,Drift,1/0/1900,1/0/1900,1/0/1900,1/0/1900,0.25,0,0,0,0,0,0,3,3,,,3,9,2.25,36.48928833,-121.94984,619,072325_619,36.49180984,-121.95048,626,072325_626,286,MS,JT,,,54.5,2,90,125,4,4,,,0,0,103,3,3,NW,2,,,,FALSE
PLM0723251103,PLT02_25,PLM07232511,PL11,MPA,Drift,1/0/1900,1/0/1900,1/0/1900,1/0/1900,0.25,0,0,0,0,0,0,3,3,,,3,9,2.25,36.48880005,-121.95074,627,072325_627,36.4920311,-121.95073,638,072325_638,358,MS,JT,,,54.8,3,64,125,4,4,,,0,0,123,3,5,NW,2,,,,FALSE
PLM0723251301,PLT02_25,PLM07232513,PL13,MPA,Drift,1/0/1900,1/0/1900,1/0/1900,1/0/1900,0.25,0,0,0,0,0,0,3,3,,,3,9,2.25,36.48664093,-121.9493,537,072325_537,36.48614883,-121.94967,562,072325_562,64,CD,JT,,,55.2,2,36,66,4,4,,,0,0,65,3,0,,2,,,,FALSE
PLM0723251302,PLT02_25,PLM07232513,PL13,MPA,Drift,1/0/1900,1/0/1900,1/0/1900,1/0/1900,0.25,-3,0,0,0,0,-0.05,3,3,,,3,9,2.2,36.48743057,-121.95074,563,072325_563,36.48777008,-121.95072,588,072325_588,38,CD,SP,,,54.9,2,49,66,4,4,,,0,2,77,3,0,,2,,,,FALSE
PLM0723251303,PLT02_25,PLM07232513,PL13,MPA,Drift,1/0/1900,1/0/1900,1/0/1900,1/0/1900,0.25,0,0,0,0,0,0,3,3,,,3,9,2.25,36.48563004,-121.9519,589,072325_589,36.48640823,-121.95183,610,072325_610,87,CD,SP,,,54.8,3,62,105,4,4,,,0,0,136,3,0,,2,,,,FALSE
PLM0812250901,PLT04_25,PLM08122509,PL09,MPA,Drift,1/0/1900,1/0/1900,1/0/1900,1/0/1900,0.25,0,0,0,0,0,0,3,3,,,4,10,2.5,36.51493073,-121.95387,1610,081225_1610,36.5135498,-121.95248,1628,081225_1628,197,KM,CD,,,55.4,2,73,88,4,10,,,0,0,58,3,7,NW,4,,,,FALSE
PLM0812250902,PLT04_25,PLM08122509,PL09,MPA,Drift,1/0/1900,1/0/1900,1/0/1900,1/0/1900,0.250833333,0,0,0,0,0,0,3,3,,,4,10,2.508333333,36.51496887,-121.95448,1629,081225_1629,36.51388931,-121.95334,1647,081225_1647,157,KM,CD,,,55.1,2,68,89,4,10,,,0,0,61,3,7,NW,4,,,,FALSE
PLM0812250903,PLT04_25,PLM08122509,PL09,MPA,Drift,1/0/1900,1/0/1900,1/0/1900,1/0/1900,0.249166667,0,0,0,0,0,0,3,3,,,4,10,2.491666667,36.51446915,-121.95511,1648,081225_1648,36.51398087,-121.9539,109,081225_109,121,KM,CD,,,55.5,1,96,88,4,10,,,0,0,57,3,6,NW,4,,,,FALSE
PLM0812251101,PLT04_25,PLM08122511,PL11,MPA,Drift,1/0/1900,1/0/1900,1/0/1900,1/0/1900,0.251111111,0,0,0,0,0,0,3,3,,,4,10,2.511111111,36.49277115,-121.9511,1556,081225_1556,36.48907089,-121.95107,1575,081225_1575,411,KM,SP,,,54.9,1,131,79,4,10,,,0,0,87,3,7,NW,4,,,,FALSE
PLM0812251102,PLT04_25,PLM08122511,PL11,MPA,Drift,1/0/1900,1/0/1900,1/0/1900,1/0/1900,0.250555556,0,0,0,0,0,0,3,3,,,4,10,2.505555556,36.49274063,-121.95229,1576,081225_1576,36.48931885,-121.95116,1591,081225_1591,393,KM,SP,,,55.4,2,132,99,4,10,,,0,0,88,3,6,NW,3,,,,FALSE
PLM0812251103,PLT04_25,PLM08122511,PL11,MPA,Drift,1/0/1900,1/0/1900,1/0/1900,1/0/1900,0.248333333,0,0,0,0,0,0,3,3,,,4,10,2.483333333,36.49287033,-121.95039,1592,081225_1592,36.48973083,-121.94982,1609,081225_1609,352,KM,SP,,,56.2,2,117,87,4,10,,,0,0,70,3,6,NW,3,,,,FALSE
PLM0813250801,PLT05_25,PLM08132508,PL08,MPA,Drift,1/0/1900,1/0/1900,1/0/1900,1/0/1900,0.25,0,0,0,0,0,0,2,3,,,3,8,2,36.52421188,-121.9589,942,081325_942,36.52153015,-121.95982,968,081325_968,309,JT,CD,,,56,3,161,93,4,10,,,0,0,85,3,5,NW,4,,,,FALSE
PLM0813250802,PLT05_25,PLM08132508,PL08,MPA,Drift,1/0/1900,1/0/1900,1/0/1900,1/0/1900,0.25,0,0,0,0,0,0,2,3,,,3,8,2,36.52439117,-121.95818,969,081325_969,36.52182007,-121.95866,1001,081325_1001,288,JT,CD,,,56.4,2,126,112,4,10,,,0,0,79,3,5,NW,4,,,,FALSE
PLM0813250803,PLT05_25,PLM08132508,PL08,MPA,Drift,1/0/1900,1/0/1900,1/0/1900,1/0/1900,0.25,0,0,0,0,0,0,2,3,,,3,8,2,36.52429962,-121.95954,1002,081325_1002,36.5201416,-121.95894,1024,081325_1024,464,JT,CD,,,56.8,2,147,20,4,10,,,0,0,68,3,5,NW,4,,,,FALSE
PLM0813251101,PLT05_25,PLM08132511,PL11,MPA,Drift,1/0/1900,1/0/1900,1/0/1900,1/0/1900,0.25,0,0,0,0,0,0,2,3,,,3,8,2,36.49261093,-121.95212,110,081325_110,36.48820114,-121.95232,141,081325_141,490,JT,SP,,,56.6,2,130,66,4,10,,,0,0,99,3,5,NW,4,,,,FALSE
PLM0813251102,PLT05_25,PLM08132511,PL11,MPA,Drift,1/0/1900,1/0/1900,1/0/1900,1/0/1900,0.238055556,0,0,0,0,0,0,2,3,,,3,8,1.904444444,36.4928894,-121.95085,142,081325_142,36.48825073,-121.95105,922,081325_922,515,JT,SP,,,56.3,2,124,61,4,10,,,0,0,68,3,5,NW,4,,,,FALSE
PLM081325MN01,PLT05_25,PLM081325MN,PLMN,MPA,Drift,1/0/1900,1/0/1900,1/0/1900,1/0/1900,0.236111111,0,0,0,0,0,0,2,3,,,3,8,1.888888889,36.49259949,-121.95023,923,081325_923,36.48783112,-121.9501,941,081325_941,529,JT,SP,,,56.3,2,117,50,4,10,,,0,0,69,3,5,NW,4,,,"Ended in another cell (PL13), original drift ID: PLM0813251103",FALSE
PLM0814250701,PLT06_25,PLM08142507,PL07,MPA,Drift,1/0/1900,1/0/1900,1/0/1900,1/0/1900,0.258611111,0,0,0,0,0,0,4,4,,,4,12,3.103333333,36.52658081,-121.9512,1405,081425_1405,36.52716064,-121.95157,1418,081425_1418,72,KM,JT,,,57.6,3,133,171,4,10,,,0,0,36,3,4,NW,3,,,,FALSE
PLM0814250702,PLT06_25,PLM08142507,PL07,MPA,Drift,1/0/1900,1/0/1900,1/0/1900,1/0/1900,0.255,0,0,0,0,0,0,4,4,,,4,12,3.06,36.52621078,-121.95061,1419,081425_1419,36.52682114,-121.95036,1438,081425_1438,71,KM,JT,,,57.3,3,131,154,4,10,,,0,0,122,3,5,SW,2,,,,FALSE
PLM0814250703,PLT06_25,PLM08142507,PL07,MPA,Drift,1/0/1900,1/0/1900,1/0/1900,1/0/1900,0.236944444,0,0,0,0,0,0,4,4,,,4,12,2.843333333,36.52621841,-121.95065,1439,081425_1439,36.52687073,-121.95021,1458,081425_1458,82,KM,JT,,,57.2,3,139,134,4,10,,,0,0,66,3,7,NW,3,,,,FALSE
PLM0814251201,PLT06_25,PLM08142512,PL12,MPA,Drift,1/0/1900,1/0/1900,1/0/1900,1/0/1900,0.214444444,0,0,0,0,0,0,4,4,,,4,12,2.573333333,36.49085999,-121.95762,1091,081425_1091,36.48783112,-121.95641,1361,081425_1361,353,KM,MS,,,57.9,3,127,107,4,10,,,0,0,214,3,6,NW,3,,,,FALSE
PLM0814251202,PLT06_25,PLM08142512,PL12,MPA,Drift,1/0/1900,1/0/1900,1/0/1900,1/0/1900,0.251944444,0,0,0,0,0,0,4,4,,,4,12,3.023333333,36.49077988,-121.95718,1362,081425_1362,36.4869194,-121.95646,1377,081425_1377,433,KM,MS,,,57.7,3,126,131,4,10,,,0,0,231,2,6,NW,3,,,,FALSE
PLM0814251203,PLT06_25,PLM08142512,PL12,MPA,Drift,1/0/1900,1/0/1900,1/0/1900,1/0/1900,0.25,0,0,-10,0,0,-0.166666667,4,4,,,4,12,2.833333333,36.49087906,-121.95737,1378,081425_1378,36.48693848,-121.95744,1404,081425_1404,437,KM,MS,,,57.5,3,114,142,4,10,,,0,0,181,3,5,NW,3,,,,FALSE
PLR0722251401,PLT01_25,PLR07222514,PL14,REF,Drift,1/0/1900,1/0/1900,1/0/1900,1/0/1900,0.25,0,0,-4,0,0,-0.066666667,4,4,,,4,12,2.933333333,36.47732162,-121.94327,377,072225_377,36.47748947,-121.94367,388,072225_388,40,KM,SP,,,54.1,3,72,77,4,10,,,0,0,10,2,6,NW,4,,,,FALSE
PLR0722251402,PLT01_25,PLR07222514,PL14,REF,Drift,1/0/1900,1/0/1900,1/0/1900,1/0/1900,0.25,0,0,-5.5,0,0,-0.091666667,4,4,,,4,12,2.908333333,36.47546005,-121.94418,389,072225_389,36.47731018,-121.94542,408,072225_408,233,KM,SP,,,54.6,2,48,104,4,10,,,0,0,19,2,6,NW,5,,,,FALSE
PLR0722251403,PLT01_25,PLR07222514,PL14,REF,Drift,1/0/1900,1/0/1900,1/0/1900,1/0/1900,0.25,0,0,-2,0,0,-0.033333333,4,4,,,4,12,2.966666667,36.47523117,-121.94479,409,072225_409,36.47763824,-121.94552,426,072225_426,275,KM,SP,,,54.4,3,51,104,4,10,,,0,0,18,2,6,NW,5,,,,FALSE
PLR0722251701,PLT01_25,PLR07222517,PL17,REF,Drift,1/0/1900,1/0/1900,1/0/1900,1/0/1900,0.251388889,-2,0,0,0,0,-0.033333333,4,4,,,4,12,2.983333333,36.46266174,-121.93197,343,072225_343,36.46215057,-121.93178,355,072225_355,59,KM,JT,,,55,3,80,67,4,10,,,0,0,12,2,8,NW,4,,,,FALSE
PLR0722251702,PLT01_25,PLR07222517,PL17,REF,Drift,1/0/1900,1/0/1900,1/0/1900,1/0/1900,0.256944444,0,0,0,0,0,0,4,4,,,4,12,3.083333333,36.4629097,-121.93327,356,072225_356,36.46200943,-121.93412,366,072225_366,126,KM,JT,,,54.8,3,68,94,4,10,,,0,0,9,2,6,NW,3,,,,FALSE
PLR0722251703,PLT01_25,PLR07222517,PL17,REF,Drift,1/0/1900,1/0/1900,1/0/1900,1/0/1900,0.241666667,0,-6,0,0,0,-0.1,4,4,,,4,12,2.8,36.46281052,-121.93245,367,072225_367,36.46162033,-121.93287,376,072225_376,137,KM,JT,,,54.8,2,54,69,4,10,,,0,0,10,2,6,NW,3,,,,FALSE
PLR0724250201,PLT03_25,PLR07242502,PL02,REF,Drift,1/0/1900,1/0/1900,1/0/1900,1/0/1900,0.25,0,0,0,0,0,0,4,4,,,4,12,3,36.57854843,-121.98387,882,072425_882,36.57966995,-121.98318,892,072425_892,139,MS,JG,,,58.4,2,76,62,4,4,,,1,0,55,1,2,NW,2,,,,FALSE
PLR0724250202,PLT03_25,PLR07242502,PL02,REF,Drift,1/0/1900,1/0/1900,1/0/1900,1/0/1900,0.25,0,0,0,0,0,0,4,4,,,4,12,3,36.57881165,-121.9838,893,072425_893,36.58066177,-121.98295,903,072425_903,219,MS,JG,,,57.7,2,108,86,4,4,,,0,0,53,1,2,NW,2,,,,FALSE
PLR0724250203,PLT03_25,PLR07242502,PL02,REF,Drift,1/0/1900,1/0/1900,1/0/1900,1/0/1900,0.25,0,0,0,0,0,0,4,4,,,4,12,3,36.57775879,-121.98287,904,072425_904,36.58015823,-121.98218,914,072425_914,273,MS,JG,,,56,3,119,60,4,4,,,0,0,53,2,2,NW,2,,,,FALSE
PLR0724250301,PLT03_25,PLR07242503,PL03,REF,Drift,1/0/1900,1/0/1900,1/0/1900,1/0/1900,0.25,0,-3,0,0,0,-0.05,4,4,,,4,12,2.95,36.57316971,-121.98224,844,072425_844,36.57390976,-121.98251,854,072425_854,86,JT,SP,,,55.9,3,100,95,4,4,,,0,0,30,3,1,,2,,,,FALSE
PLR0724250302,PLT03_25,PLR07242503,PL03,REF,Drift,1/0/1900,1/0/1900,1/0/1900,1/0/1900,0.25,0,0,0,0,0,0,4,4,,,4,12,3,36.57252884,-121.98096,855,072425_855,36.57376099,-121.98094,867,072425_867,137,JT,CD,,,55.7,2,104,72,4,4,,,0,0,35,2,1,,2,,,,FALSE
PLR0724250303,PLT03_25,PLR07242503,PL03,REF,Drift,,,1/0/1900,1/0/1900,0.166666667,0,-0.5,0,0,0,-0.008333333,4,4,,,4,12,1.991666667,36.57400894,-121.98095,868,072425_868,36.57505035,-121.98091,877,072425_877,116,JT,CD,,,56.5,1,80,43,4,4,,,0,0,24,1,1,,2,,,,FALSE
PLR0724250304,PLT03_25,PLR07242503,PL03,REF,Drift,,,1/0/1900,1/0/1900,0.088055556,0,0,0,0,0,0,4,4,,,4,12,1.056666667,36.57490158,-121.9817,878,072425_878,36.57543182,-121.98163,881,072425_881,59,JT,CD,,,56.1,2,81,79,4,4,,,0,0,6,2,1,,2,,,,FALSE
PLR0724250401,PLT03_25,PLR07242504,PL04,REF,Drift,1/0/1900,1/0/1900,1/0/1900,1/0/1900,0.25,0,0,0,0,0,0,4,4,,,4,12,3,36.5707016,-121.97926,782,072425_782,36.57123184,-121.97845,803,072425_803,93,JT,SP,,,55.6,2,80,61,4,4,,,0,1,35,3,1,,2,,,,FALSE
PLR0724250402,PLT03_25,PLR07242504,PL04,REF,Drift,1/0/1900,1/0/1900,1/0/1900,1/0/1900,0.250277778,0,0,0,0,0,0,4,4,,,4,12,3.003333333,36.56959152,-121.98074,804,072425_804,36.57038116,-121.98008,823,072425_823,106,JT,SP,,,55.2,2,105,110,4,4,,,0,0,76,3,1,,2,,Whale!,,FALSE
PLR0724250403,PLT03_25,PLR07242504,PL04,REF,Drift,1/0/1900,1/0/1900,1/0/1900,1/0/1900,0.25,0,0,0,0,0,0,4,4,,,4,12,3,36.56977081,-121.98003,824,072425_824,36.57136154,-121.97936,843,072425_843,186,JT,SP,,,55.4,2,90,86,4,4,,,0,0,51,3,1,,2,,,,FALSE
PLR0724251501,PLT03_25,PLR07242515,PL15,REF,Drift,1/0/1900,1/0/1900,1/0/1900,1/0/1900,0.25,0,0,0,0,0,0,4,4,,,4,12,3,36.47330856,-121.94123,736,072425_736,36.47320938,-121.94085,757,072425_757,36,JT,MS,,,53.8,3,83,69,4,4,,,0,1,50,3,1,,2,,,,FALSE
PLR0724251502,PLT03_25,PLR07242515,PL15,REF,Drift,1/0/1900,1/0/1900,1/0/1900,1/0/1900,0.25,0,0,0,0,0,0,4,4,,,4,12,3,36.47151947,-121.94159,758,072425_758,36.47174072,-121.94142,769,072425_769,29,JT,MS,,,53.8,2,100,102,4,4,,,0,1,15,3,1,,2,,,,FALSE
PLR0724251503,PLT03_25,PLR07242515,PL15,REF,Drift,1/0/1900,1/0/1900,1/0/1900,1/0/1900,0.25,0,0,0,0,0,0,4,4,,,4,12,3,36.47283936,-121.94034,770,072425_770,36.47375107,-121.94035,781,072425_781,101,JT,MS,,,54,2,72,36,4,4,,,0,0,21,2,1,,2,,,,FALSE
PLR0812251401,PLT04_25,PLR08122514,PL14,REF,Hold,1/0/1900,1/0/1900,1/0/1900,1/0/1900,0.25,-3,0,0,0,0,-0.05,3,4,,,4,11,2.7,36.47645187,-121.94448,1514,081225_1514,36.47576904,-121.94738,1531,081225_1531,271,KM,SP,,,55.2,3,65,126,4,10,,,0,0,20,3,10,NW,4,,,,FALSE
PLR0812251402,PLT04_25,PLR08122514,PL14,REF,Drift,1/0/1900,1/0/1900,1/0/1900,1/0/1900,0.232777778,-8,-8,0,0,0,-0.266666667,3,4,,,4,11,2.293888889,36.4774704,-121.94547,1532,081225_1532,36.47385025,-121.94496,1542,081225_1542,404,KM,SP,,,55,1,101,133,4,10,,,0,0,18,3,7,NW,4,,,,FALSE
PLR0812251403,PLT04_25,PLR08122514,PL14,REF,Drift,1/0/1900,1/0/1900,1/0/1900,1/0/1900,0.255555556,0,-3,0,0,0,-0.05,3,4,,,4,11,2.761111111,36.47763062,-121.9455,1543,081225_1543,36.47362137,-121.94489,1554,081225_1554,448,KM,SP,,,54.9,1,102,120,4,10,,,0,0,14,3,7,NW,4,,Caroline fishing at station number 9 instead of angler,,FALSE
PLR0812251501,PLT04_25,PLR08122515,PL15,REF,Hold,1/0/1900,1/0/1900,1/0/1900,1/0/1900,0.25,0,-2.5,0,0,0,-0.041666667,3,4,,,4,11,2.708333333,36.47135162,-121.9407,1477,081225_1477,36.47063065,-121.94225,1490,081225_1490,160,KM,SP,,,56.1,3,75,104,4,10,,,0,0,17,3,11,NW,3,,,,FALSE
PLR0812251502,PLT04_25,PLR08122515,PL15,REF,Hold,1/0/1900,1/0/1900,1/0/1900,1/0/1900,0.25,0,0,-3,0,0,-0.05,3,4,,,4,11,2.7,36.47169876,-121.9408,1491,081225_1491,36.47090149,-121.94203,1502,081225_1502,141,KM,SP,,,55.7,2,85,77,4,10,,,0,0,14,3,11,NW,3,,,,FALSE
PLR0812251503,PLT04_25,PLR08122515,PL15,REF,Hold,1/0/1900,1/0/1900,1/0/1900,1/0/1900,0.25,0,0,0,0,0,0,3,4,,,4,11,2.75,36.47338104,-121.94054,1503,081225_1503,36.4725914,-121.94299,1513,081225_1513,236,KM,SP,,,55.7,2,61,127,4,10,,,0,0,14,3,12,NW,4,,,,FALSE
PLR0813250101,PLT05_25,PLR08132501,PL01,REF,Drift,1/0/1900,1/0/1900,1/0/1900,1/0/1900,0.25,0,0,0,0,0,0,3,3,,,3,9,2.25,36.58600998,-121.98414,1064,081325_1064,36.58457947,-121.98319,1066,081325_1066,180,MS,SP,,,58.5,2,134,101,4,10,,,0,0,5,3,4,NW,4,,Caroline fishing as angler #11 with baited shrimp flies,,FALSE
PLR0813250102,PLT05_25,PLR08132501,PL01,REF,Drift,1/0/1900,1/0/1900,1/0/1900,1/0/1900,0.25,0,0,0,0,0,0,3,3,,,3,9,2.25,36.58663177,-121.98289,1067,081325_1067,36.58546829,-121.98188,1077,081325_1077,158,MS,KR/SP,,,58.9,2,121,44,4,10,,,0,0,35,3,4,NW,4,,Caroline fishing as angler #11 with baited shrimp flies,,FALSE
PLR0813250103,PLT05_25,PLR08132501,PL01,REF,Drift,1/0/1900,1/0/1900,1/0/1900,1/0/1900,0.2475,0,0,0,0,0,0,3,3,,,3,9,2.2275,36.58563995,-121.98513,1078,081325_1078,36.58457947,-121.98357,1089,081325_1089,183,MS,KR,,,59.1,2,121,83,4,10,,,0,0,27,3,4,NW,4,,Caroline fishing as angler #11 with baited shrimp flies,,FALSE
PLR0813250401,PLT05_25,PLR08132504,PL04,REF,Drift,1/0/1900,1/0/1900,1/0/1900,1/0/1900,0.25,0,0,0,0,0,0,3,3,,,3,9,2.25,36.57067108,-121.97943,1026,081325_1026,36.5685997,-121.97894,1036,081325_1036,234,CD,KR,,,57.3,3,74,159,4,10,,,0,0,18,3,4,NW,2,,Madison fishing as angler #11 with baited shrimp flies,,FALSE
PLR0813250402,PLT05_25,PLR08132504,PL04,REF,Drift,1/0/1900,1/0/1900,1/0/1900,1/0/1900,0.25,0,0,0,0,0,0,3,3,,,3,9,2.25,36.57091904,-121.97943,1037,081325_1037,36.56882095,-121.97854,1048,081325_1048,246,CD,KR,,,57.3,3,116,144,4,10,,,0,0,26,3,4,NW,3,,Madison fishing as angler #11 with baited shrimp flies,,FALSE
PLR0813250403,PLT05_25,PLR08132504,PL04,REF,Drift,1/0/1900,1/0/1900,1/0/1900,1/0/1900,0.25,0,0,0,0,0,0,3,3,,,3,9,2.25,36.57094955,-121.98045,1049,081325_1049,36.56869125,-121.97926,1063,081325_1063,272,CD,KR,,,57.4,3,111,151,4,10,,,0,0,56,3,4,NW,3,,Madison fishing as angler #11 with baited shrimp flies,,FALSE
PLR0814250301,PLT06_25,PLR08142503,PL03,REF,Drift,1/0/1900,1/0/1900,1/0/1900,1/0/1900,0.25,0,0,-1,0,0,-0.016666667,4,4,,,4,12,2.983333333,36.5750618,-121.98222,1698,081425_1698,36.5728302,-121.98016,1715,081425_1715,309,SC,KM,,,59.4,2,122,88,4,10,,,1,1,17,0,4,NW,3,,,,FALSE
PLR0814250302,PLT06_25,PLR08142503,PL03,REF,Drift,1/0/1900,1/0/1900,1/0/1900,1/0/1900,0.25,0,0,0,0,0,0,4,4,,,4,12,3,36.57495117,-121.98373,1716,081425_1716,36.57183838,-121.98143,1725,081425_1725,402,SC,KM,,,60.3,2,136,98,4,10,,,0,0,13,1,5,NW,3,,,,FALSE
PLR0814250303,PLT06_25,PLR08142503,PL03,REF,Drift,1/0/1900,1/0/1900,1/0/1900,1/0/1900,0.25,0,-5,0,0,0,-0.083333333,4,4,,,4,12,2.916666667,36.57564163,-121.98231,1726,081425_1726,36.57381058,-121.98034,1733,081425_1733,269,SC,KM,,,59.5,2,92,55,4,10,,,0,0,8,1,4,NW,4,,,,FALSE
PLR0814250501,PLT06_25,PLR08142505,PL05,REF,Drift,1/0/1900,1/0/1900,1/0/1900,1/0/1900,0.260833333,0,0,0,0,0,0,4,4,,,4,12,3.13,36.56758118,-121.97347,1459,081425_1459,36.56631088,-121.97214,1475,081425_1475,184,SC,CD,,,58.7,2,98,103,4,10,,,0,0,33,3,5,NW,2,,,,FALSE
PLR0814250502,PLT06_25,PLR08142505,PL05,REF,Drift,1/0/1900,1/0/1900,1/0/1900,1/0/1900,0.25,0,0,0,0,0,0,4,4,,,4,12,3,36.56861115,-121.97346,1662,081425_1662,36.56700897,-121.9723,1676,081425_1676,206,SC,CD,,,58.4,2,95,88,4,10,,,0,0,25,2,4,NW,3,,,,FALSE
PLR0814250503,PLT06_25,PLR08142505,PL05,REF,Drift,1/0/1900,1/0/1900,1/0/1900,1/0/1900,0.255555556,0,0,0,0,0,0,4,4,,,4,12,3.066666667,36.56761932,-121.97152,1677,081425_1677,36.56605911,-121.96983,1697,081425_1697,230,SC,CD,,,59.2,2,82,61,4,10,,,0,0,22,2,5,NW,3,,,,FALSE
